-- phpMyAdmin SQL Dump
-- version 5.0.1
-- https://www.phpmyadmin.net/
--
-- Servidor: 127.0.0.1
-- Tiempo de generación: 04-02-2020 a las 00:40:42
-- Versión del servidor: 10.4.11-MariaDB
-- Versión de PHP: 7.4.1

SET SQL_MODE = "NO_AUTO_VALUE_ON_ZERO";
SET AUTOCOMMIT = 0;
START TRANSACTION;
SET time_zone = "+00:00";


/*!40101 SET @OLD_CHARACTER_SET_CLIENT=@@CHARACTER_SET_CLIENT */;
/*!40101 SET @OLD_CHARACTER_SET_RESULTS=@@CHARACTER_SET_RESULTS */;
/*!40101 SET @OLD_COLLATION_CONNECTION=@@COLLATION_CONNECTION */;
/*!40101 SET NAMES utf8mb4 */;

--
-- Base de datos: `asistencia2`
--

-- --------------------------------------------------------

--
-- Estructura de tabla para la tabla `fusion`
--

CREATE TABLE `fusion` (
  `idturno` int(11) NOT NULL,
  `diasemana` int(11) NOT NULL,
  `idhorario` int(11) NOT NULL
) ENGINE=InnoDB DEFAULT CHARSET=utf8mb4;

--
-- Volcado de datos para la tabla `fusion`
--

INSERT INTO `fusion` (`idturno`, `diasemana`, `idhorario`) VALUES
(1, 1, 1),
(1, 2, 1),
(1, 3, 1),
(1, 4, 1),
(1, 5, 1),
(2, 1, 9),
(2, 2, 9),
(2, 3, 9),
(2, 4, 9),
(2, 5, 9),
(2, 6, 12),
(3, 1, 4),
(3, 2, 4),
(3, 3, 4),
(3, 4, 4),
(3, 5, 4),
(4, 1, 5),
(4, 2, 6),
(4, 3, 5),
(4, 4, 6),
(4, 5, 5),
(4, 6, 7),
(5, 1, 8),
(5, 2, 4),
(5, 3, 4),
(5, 4, 4),
(5, 5, 8),
(5, 6, 4),
(6, 1, 9),
(6, 2, 9),
(6, 3, 9),
(6, 4, 9),
(6, 5, 9),
(6, 6, 10),
(7, 1, 11),
(7, 2, 11),
(7, 3, 11),
(7, 4, 11),
(7, 5, 11),
(7, 6, 12),
(8, 1, 13),
(8, 2, 13),
(8, 3, 13),
(8, 4, 13),
(8, 5, 13),
(9, 1, 7),
(9, 2, 7),
(9, 3, 7),
(9, 4, 7),
(9, 5, 7),
(9, 6, 14),
(10, 1, 7),
(10, 2, 7),
(10, 3, 7),
(10, 4, 7),
(10, 5, 7),
(10, 6, 15),
(11, 1, 19),
(11, 2, 19),
(11, 3, 19),
(11, 4, 19),
(11, 5, 19),
(11, 6, 9),
(12, 1, 19),
(12, 2, 20),
(12, 3, 38),
(12, 4, 22),
(13, 1, 9),
(13, 2, 9),
(13, 3, 9),
(13, 4, 9),
(13, 5, 9),
(14, 1, 26),
(14, 2, 26),
(14, 3, 26),
(14, 4, 26),
(14, 5, 26),
(15, 1, 29),
(15, 2, 30),
(15, 3, 26),
(15, 4, 26),
(15, 5, 26),
(15, 6, 31),
(16, 1, 16),
(16, 2, 16),
(16, 3, 16),
(16, 4, 16),
(16, 5, 16),
(16, 6, 37),
(17, 1, 32),
(17, 4, 32),
(18, 1, 26),
(18, 2, 26),
(18, 3, 26),
(18, 4, 26),
(18, 5, 26),
(18, 6, 26),
(19, 1, 39),
(19, 2, 39),
(19, 3, 39),
(19, 4, 39),
(19, 5, 39),
(19, 6, 40),
(20, 1, 19),
(20, 2, 19),
(20, 3, 19),
(20, 4, 19),
(20, 5, 19),
(20, 6, 37),
(21, 1, 4),
(21, 2, 4),
(21, 3, 4),
(21, 4, 4),
(21, 5, 4),
(21, 6, 10),
(22, 1, 33),
(22, 2, 11),
(22, 3, 4),
(22, 4, 11),
(22, 5, 33),
(22, 6, 28),
(23, 1, 41),
(23, 2, 41),
(23, 3, 1),
(23, 4, 33),
(23, 5, 33),
(24, 1, 24),
(24, 2, 24),
(24, 3, 24),
(24, 4, 24),
(24, 5, 24),
(25, 1, 19),
(25, 2, 19),
(25, 3, 19),
(25, 4, 19),
(25, 5, 19),
(25, 6, 19),
(26, 1, 24),
(26, 2, 24),
(26, 3, 24),
(26, 4, 24),
(26, 5, 24),
(26, 6, 24),
(27, 1, 9),
(27, 2, 9),
(27, 3, 9),
(27, 4, 9),
(27, 5, 9),
(27, 6, 14),
(28, 1, 11),
(28, 2, 11),
(28, 3, 11),
(28, 4, 11),
(28, 5, 11),
(28, 6, 11),
(29, 1, 9),
(29, 2, 9),
(29, 3, 9),
(29, 4, 9),
(29, 5, 9),
(29, 6, 9),
(30, 1, 4),
(30, 2, 4),
(30, 3, 4),
(30, 4, 4),
(30, 5, 4),
(30, 6, 4),
(31, 1, 25),
(31, 2, 25),
(31, 3, 25),
(31, 4, 25),
(31, 5, 25),
(31, 6, 25),
(32, 1, 9),
(32, 2, 9),
(32, 4, 9),
(32, 5, 13),
(32, 6, 14);

-- --------------------------------------------------------

--
-- Estructura de tabla para la tabla `hijo`
--

CREATE TABLE `hijo` (
  `idhijo` int(255) NOT NULL,
  `idpadre` int(255) NOT NULL DEFAULT 0,
  `hijo` text CHARACTER SET latin1 COLLATE latin1_spanish_ci NOT NULL
) ENGINE=InnoDB DEFAULT CHARSET=utf8mb4;

--
-- Volcado de datos para la tabla `hijo`
--

INSERT INTO `hijo` (`idhijo`, `idpadre`, `hijo`) VALUES
(1, 1, 'ventas'),
(2, 1, 'rrhh'),
(3, 1, 'contabilidad'),
(4, 1, 'marketing'),
(5, 1, 'tthh'),
(6, 1, 'tesoreria'),
(7, 1, 'TI'),
(8, 1, 'opraciones'),
(9, 1, 'recepcion'),
(10, 1, 'logistica'),
(11, 1, 'proyectos'),
(12, 6, 'dsjl'),
(13, 5, 'dmolina'),
(14, 2, 'dchorrillos'),
(15, 3, 'dbarranco'),
(16, 4, 'dpto abancay');

-- --------------------------------------------------------

--
-- Estructura de tabla para la tabla `horario`
--

CREATE TABLE `horario` (
  `idhorario` int(11) NOT NULL,
  `entrada` time NOT NULL,
  `salida` time NOT NULL
) ENGINE=InnoDB DEFAULT CHARSET=utf8mb4;

--
-- Volcado de datos para la tabla `horario`
--

INSERT INTO `horario` (`idhorario`, `entrada`, `salida`) VALUES
(1, '08:00:00', '18:00:00'),
(2, '08:30:00', '16:30:00'),
(3, '13:00:00', '21:00:00'),
(4, '08:00:00', '17:00:00'),
(5, '09:00:00', '16:30:00'),
(6, '09:00:00', '22:00:00'),
(7, '09:00:00', '19:00:00'),
(8, '08:00:00', '20:00:00'),
(9, '09:00:00', '18:00:00'),
(10, '09:00:00', '14:00:00'),
(11, '08:00:00', '16:00:00'),
(12, '09:00:00', '13:00:00'),
(13, '09:00:00', '17:00:00'),
(14, '09:00:00', '12:00:00'),
(15, '09:00:00', '16:00:00'),
(16, '10:00:00', '20:00:00'),
(17, '10:30:00', '21:30:00'),
(18, '10:30:00', '16:00:00'),
(19, '10:00:00', '19:00:00'),
(20, '11:00:00', '20:00:00'),
(21, '10:00:00', '21:00:00'),
(22, '13:00:00', '22:00:00'),
(23, '11:00:00', '18:00:00'),
(24, '10:00:00', '18:00:00'),
(25, '07:00:00', '16:00:00'),
(26, '09:30:00', '18:30:00'),
(27, '08:00:00', '22:00:00'),
(28, '08:00:00', '14:00:00'),
(29, '09:30:00', '20:00:00'),
(30, '09:30:00', '19:00:00'),
(31, '09:30:00', '15:30:00'),
(32, '10:00:00', '16:00:00'),
(33, '08:00:00', '19:00:00'),
(34, '08:00:00', '13:00:00'),
(35, '09:00:00', '20:00:00'),
(36, '09:00:00', '15:00:00'),
(37, '10:00:00', '14:00:00'),
(38, '10:00:00', '21:00:00'),
(39, '09:30:00', '19:30:00'),
(40, '09:30:00', '12:30:00'),
(41, '08:00:00', '18:30:00');

-- --------------------------------------------------------

--
-- Estructura de tabla para la tabla `local`
--

CREATE TABLE `local` (
  `idlocal` int(11) NOT NULL,
  `nombre` varchar(30) NOT NULL,
  `direccion` varchar(30) NOT NULL
) ENGINE=InnoDB DEFAULT CHARSET=utf8mb4;

--
-- Volcado de datos para la tabla `local`
--

INSERT INTO `local` (`idlocal`, `nombre`, `direccion`) VALUES
(1, 'corporacion', 'av javier prado'),
(2, 'chorrillos', 'av chorrillos'),
(3, 'barranco', 'av barranco 123'),
(4, 'abancay', 'av abancay 777'),
(5, 'molina', 'av javierprado666'),
(6, 'sjl3', 'porton');

-- --------------------------------------------------------

--
-- Estructura de tabla para la tabla `marcaciones`
--

CREATE TABLE `marcaciones` (
  `id` int(11) NOT NULL,
  `marcacion` datetime NOT NULL,
  `mfecha` date DEFAULT NULL,
  `tiempo` time NOT NULL
) ENGINE=InnoDB DEFAULT CHARSET=utf8mb4;

--
-- Volcado de datos para la tabla `marcaciones`
--

INSERT INTO `marcaciones` (`id`, `marcacion`, `mfecha`, `tiempo`) VALUES
(30, '2020-01-20 08:16:00', '2020-01-20', '08:16:00'),
(30, '2020-01-20 13:10:00', '2020-01-20', '13:10:00'),
(30, '2020-01-20 13:36:00', '2020-01-20', '13:36:00'),
(30, '2020-01-20 18:41:00', '2020-01-20', '18:41:00'),
(30, '2020-01-21 08:16:00', '2020-01-21', '08:16:00'),
(30, '2020-01-21 13:11:00', '2020-01-21', '13:11:00'),
(30, '2020-01-21 13:31:00', '2020-01-21', '13:31:00'),
(30, '2020-01-21 20:23:00', '2020-01-21', '20:23:00'),
(30, '2020-01-22 08:35:00', '2020-01-22', '08:35:00'),
(30, '2020-01-22 13:06:00', '2020-01-22', '13:06:00'),
(30, '2020-01-22 13:58:00', '2020-01-22', '13:58:00'),
(30, '2020-01-22 17:21:00', '2020-01-22', '17:21:00'),
(30, '2020-01-23 08:16:00', '2020-01-23', '08:16:00'),
(30, '2020-01-23 13:14:00', '2020-01-23', '13:14:00'),
(30, '2020-01-23 13:45:00', '2020-01-23', '13:45:00'),
(30, '2020-01-23 17:11:00', '2020-01-23', '17:11:00'),
(30, '2020-01-24 08:17:00', '2020-01-24', '08:17:00'),
(30, '2020-01-24 13:13:00', '2020-01-24', '13:13:00'),
(30, '2020-01-24 14:05:00', '2020-01-24', '14:05:00'),
(30, '2020-01-24 17:56:00', '2020-01-24', '17:56:00'),
(31, '2020-01-20 07:52:00', '2020-01-20', '07:52:00'),
(31, '2020-01-20 13:11:00', '2020-01-20', '13:11:00'),
(31, '2020-01-20 14:10:00', '2020-01-20', '14:10:00'),
(31, '2020-01-20 17:13:00', '2020-01-20', '17:13:00'),
(31, '2020-01-21 07:59:00', '2020-01-21', '07:59:00'),
(31, '2020-01-21 13:13:00', '2020-01-21', '13:13:00'),
(31, '2020-01-21 14:05:00', '2020-01-21', '14:05:00'),
(31, '2020-01-21 17:19:00', '2020-01-21', '17:19:00'),
(31, '2020-01-22 07:55:00', '2020-01-22', '07:55:00'),
(31, '2020-01-22 13:20:00', '2020-01-22', '13:20:00'),
(31, '2020-01-22 14:20:00', '2020-01-22', '14:20:00'),
(31, '2020-01-22 17:03:00', '2020-01-22', '17:03:00'),
(31, '2020-01-23 07:53:00', '2020-01-23', '07:53:00'),
(31, '2020-01-23 13:16:00', '2020-01-23', '13:16:00'),
(31, '2020-01-23 14:09:00', '2020-01-23', '14:09:00'),
(31, '2020-01-23 17:04:00', '2020-01-23', '17:04:00'),
(31, '2020-01-24 07:56:00', '2020-01-24', '07:56:00'),
(31, '2020-01-24 13:05:00', '2020-01-24', '13:05:00'),
(31, '2020-01-24 14:48:00', '2020-01-24', '14:48:00'),
(31, '2020-01-24 17:30:00', '2020-01-24', '17:30:00'),
(32, '2020-01-20 10:12:00', '2020-01-20', '10:12:00'),
(32, '2020-01-20 13:08:00', '2020-01-20', '13:08:00'),
(32, '2020-01-20 13:36:00', '2020-01-20', '13:36:00'),
(32, '2020-01-20 21:24:00', '2020-01-20', '21:24:00'),
(32, '2020-01-21 09:18:00', '2020-01-21', '09:18:00'),
(32, '2020-01-21 13:09:00', '2020-01-21', '13:09:00'),
(32, '2020-01-21 13:31:00', '2020-01-21', '13:31:00'),
(32, '2020-01-21 21:31:00', '2020-01-21', '21:31:00'),
(32, '2020-01-22 09:54:00', '2020-01-22', '09:54:00'),
(32, '2020-01-22 13:07:00', '2020-01-22', '13:07:00'),
(32, '2020-01-22 13:58:00', '2020-01-22', '13:58:00'),
(32, '2020-01-22 16:32:00', '2020-01-22', '16:32:00'),
(32, '2020-01-24 10:16:00', '2020-01-24', '10:16:00'),
(32, '2020-01-24 13:29:00', '2020-01-24', '13:29:00'),
(32, '2020-01-24 14:04:00', '2020-01-24', '14:04:00'),
(33, '2020-01-20 14:02:00', '2020-01-20', '14:02:00'),
(33, '2020-01-20 18:26:00', '2020-01-20', '18:26:00'),
(33, '2020-01-21 09:37:00', '2020-01-21', '09:37:00'),
(33, '2020-01-21 13:04:00', '2020-01-21', '13:04:00'),
(33, '2020-01-21 13:58:00', '2020-01-21', '13:58:00'),
(33, '2020-01-21 18:41:00', '2020-01-21', '18:41:00'),
(33, '2020-01-22 09:24:00', '2020-01-22', '09:24:00'),
(33, '2020-01-22 13:07:00', '2020-01-22', '13:07:00'),
(33, '2020-01-22 13:53:00', '2020-01-22', '13:53:00'),
(33, '2020-01-22 18:08:00', '2020-01-22', '18:08:00'),
(33, '2020-01-23 09:35:00', '2020-01-23', '09:35:00'),
(33, '2020-01-23 13:08:00', '2020-01-23', '13:08:00'),
(33, '2020-01-23 14:01:00', '2020-01-23', '14:01:00'),
(33, '2020-01-23 19:26:00', '2020-01-23', '19:26:00'),
(33, '2020-01-24 10:10:00', '2020-01-24', '10:10:00'),
(33, '2020-01-24 12:56:00', '2020-01-24', '12:56:00'),
(33, '2020-01-24 14:04:00', '2020-01-24', '14:04:00'),
(34, '2020-01-20 08:56:00', '2020-01-20', '08:56:00'),
(34, '2020-01-20 13:12:00', '2020-01-20', '13:12:00'),
(34, '2020-01-20 13:36:00', '2020-01-20', '13:36:00'),
(34, '2020-01-20 18:14:00', '2020-01-20', '18:14:00'),
(34, '2020-01-21 08:49:00', '2020-01-21', '08:49:00'),
(34, '2020-01-21 13:15:00', '2020-01-21', '13:15:00'),
(34, '2020-01-21 13:53:00', '2020-01-21', '13:53:00'),
(34, '2020-01-21 17:56:00', '2020-01-21', '17:56:00'),
(34, '2020-01-22 09:10:00', '2020-01-22', '09:10:00'),
(34, '2020-01-22 13:02:00', '2020-01-22', '13:02:00'),
(34, '2020-01-22 13:49:00', '2020-01-22', '13:49:00'),
(34, '2020-01-22 18:13:00', '2020-01-22', '18:13:00'),
(34, '2020-01-22 18:14:00', '2020-01-22', '18:14:00'),
(34, '2020-01-23 08:57:00', '2020-01-23', '08:57:00'),
(34, '2020-01-23 13:14:00', '2020-01-23', '13:14:00'),
(34, '2020-01-23 13:45:00', '2020-01-23', '13:45:00'),
(34, '2020-01-23 17:04:00', '2020-01-23', '17:04:00'),
(34, '2020-01-24 09:10:00', '2020-01-24', '09:10:00'),
(34, '2020-01-24 13:14:00', '2020-01-24', '13:14:00'),
(34, '2020-01-24 13:58:00', '2020-01-24', '13:58:00'),
(34, '2020-01-24 17:52:00', '2020-01-24', '17:52:00'),
(35, '2020-01-20 07:52:00', '2020-01-20', '07:52:00'),
(35, '2020-01-20 13:10:00', '2020-01-20', '13:10:00'),
(35, '2020-01-20 13:36:00', '2020-01-20', '13:36:00'),
(35, '2020-01-20 21:16:00', '2020-01-20', '21:16:00'),
(35, '2020-01-21 07:59:00', '2020-01-21', '07:59:00'),
(35, '2020-01-21 13:11:00', '2020-01-21', '13:11:00'),
(35, '2020-01-21 13:31:00', '2020-01-21', '13:31:00'),
(35, '2020-01-21 21:31:00', '2020-01-21', '21:31:00'),
(35, '2020-01-22 08:01:00', '2020-01-22', '08:01:00'),
(35, '2020-01-22 13:06:00', '2020-01-22', '13:06:00'),
(35, '2020-01-22 13:58:00', '2020-01-22', '13:58:00'),
(35, '2020-01-22 17:21:00', '2020-01-22', '17:21:00'),
(35, '2020-01-23 08:11:00', '2020-01-23', '08:11:00'),
(35, '2020-01-23 13:14:00', '2020-01-23', '13:14:00'),
(35, '2020-01-23 13:45:00', '2020-01-23', '13:45:00'),
(35, '2020-01-23 17:11:00', '2020-01-23', '17:11:00'),
(35, '2020-01-24 08:18:00', '2020-01-24', '08:18:00'),
(35, '2020-01-24 13:13:00', '2020-01-24', '13:13:00'),
(35, '2020-01-24 14:04:00', '2020-01-24', '14:04:00'),
(35, '2020-01-24 19:10:00', '2020-01-24', '19:10:00'),
(37, '2020-01-20 09:52:00', '2020-01-20', '09:52:00'),
(37, '2020-01-20 13:13:00', '2020-01-20', '13:13:00'),
(37, '2020-01-20 13:48:00', '2020-01-20', '13:48:00'),
(37, '2020-01-20 17:34:00', '2020-01-20', '17:34:00'),
(37, '2020-01-21 09:59:00', '2020-01-21', '09:59:00'),
(37, '2020-01-21 13:25:00', '2020-01-21', '13:25:00'),
(37, '2020-01-21 13:53:00', '2020-01-21', '13:53:00'),
(37, '2020-01-21 17:43:00', '2020-01-21', '17:43:00'),
(37, '2020-01-23 09:44:00', '2020-01-23', '09:44:00'),
(37, '2020-01-23 13:11:00', '2020-01-23', '13:11:00'),
(37, '2020-01-23 14:03:00', '2020-01-23', '14:03:00'),
(37, '2020-01-23 17:07:00', '2020-01-23', '17:07:00'),
(37, '2020-01-24 09:57:00', '2020-01-24', '09:57:00'),
(37, '2020-01-24 13:11:00', '2020-01-24', '13:11:00'),
(37, '2020-01-24 14:05:00', '2020-01-24', '14:05:00'),
(37, '2020-01-24 17:43:00', '2020-01-24', '17:43:00'),
(38, '2020-01-20 07:40:00', '2020-01-20', '07:40:00'),
(38, '2020-01-20 22:42:00', '2020-01-20', '22:42:00'),
(38, '2020-01-22 07:34:00', '2020-01-22', '07:34:00'),
(38, '2020-01-23 07:33:00', '2020-01-23', '07:33:00'),
(38, '2020-01-24 07:39:00', '2020-01-24', '07:39:00'),
(39, '2020-01-20 08:19:00', '2020-01-20', '08:19:00'),
(39, '2020-01-22 08:25:00', '2020-01-22', '08:25:00'),
(39, '2020-01-22 13:02:00', '2020-01-22', '13:02:00'),
(39, '2020-01-22 13:58:00', '2020-01-22', '13:58:00'),
(39, '2020-01-22 19:20:00', '2020-01-22', '19:20:00'),
(39, '2020-01-23 13:09:00', '2020-01-23', '13:09:00'),
(39, '2020-01-23 14:01:00', '2020-01-23', '14:01:00'),
(39, '2020-01-23 18:20:00', '2020-01-23', '18:20:00'),
(39, '2020-01-24 08:47:00', '2020-01-24', '08:47:00'),
(39, '2020-01-24 14:04:00', '2020-01-24', '14:04:00'),
(39, '2020-01-24 19:00:00', '2020-01-24', '19:00:00'),
(41, '2020-01-20 08:36:00', '2020-01-20', '08:36:00'),
(41, '2020-01-20 14:47:00', '2020-01-20', '14:47:00'),
(41, '2020-01-20 15:36:00', '2020-01-20', '15:36:00'),
(41, '2020-01-20 20:04:00', '2020-01-20', '20:04:00'),
(41, '2020-01-21 08:50:00', '2020-01-21', '08:50:00'),
(41, '2020-01-21 14:10:00', '2020-01-21', '14:10:00'),
(41, '2020-01-21 15:02:00', '2020-01-21', '15:02:00'),
(41, '2020-01-21 20:05:00', '2020-01-21', '20:05:00'),
(41, '2020-01-22 08:52:00', '2020-01-22', '08:52:00'),
(41, '2020-01-22 13:51:00', '2020-01-22', '13:51:00'),
(41, '2020-01-22 14:27:00', '2020-01-22', '14:27:00'),
(41, '2020-01-22 19:28:00', '2020-01-22', '19:28:00'),
(41, '2020-01-23 08:58:00', '2020-01-23', '08:58:00'),
(41, '2020-01-23 13:43:00', '2020-01-23', '13:43:00'),
(41, '2020-01-23 14:03:00', '2020-01-23', '14:03:00'),
(41, '2020-01-23 19:22:00', '2020-01-23', '19:22:00'),
(41, '2020-01-24 08:39:00', '2020-01-24', '08:39:00'),
(41, '2020-01-24 14:30:00', '2020-01-24', '14:30:00'),
(41, '2020-01-24 14:59:00', '2020-01-24', '14:59:00'),
(41, '2020-01-24 20:30:00', '2020-01-24', '20:30:00'),
(42, '2020-01-20 09:21:00', '2020-01-20', '09:21:00'),
(42, '2020-01-20 20:20:00', '2020-01-20', '20:20:00'),
(42, '2020-01-21 10:07:00', '2020-01-21', '10:07:00'),
(42, '2020-01-21 14:07:00', '2020-01-21', '14:07:00'),
(42, '2020-01-21 14:16:00', '2020-01-21', '14:16:00'),
(42, '2020-01-21 20:33:00', '2020-01-21', '20:33:00'),
(42, '2020-01-22 10:13:00', '2020-01-22', '10:13:00'),
(42, '2020-01-22 21:00:00', '2020-01-22', '21:00:00'),
(42, '2020-01-23 10:32:00', '2020-01-23', '10:32:00'),
(42, '2020-01-23 19:39:00', '2020-01-23', '19:39:00'),
(42, '2020-01-24 10:04:00', '2020-01-24', '10:04:00'),
(42, '2020-01-24 14:59:00', '2020-01-24', '14:59:00'),
(53, '2020-01-20 10:09:00', '2020-01-20', '10:09:00'),
(53, '2020-01-20 13:13:00', '2020-01-20', '13:13:00'),
(53, '2020-01-20 14:37:00', '2020-01-20', '14:37:00'),
(53, '2020-01-20 19:01:00', '2020-01-20', '19:01:00'),
(53, '2020-01-21 13:54:00', '2020-01-21', '13:54:00'),
(53, '2020-01-21 14:25:00', '2020-01-21', '14:25:00'),
(53, '2020-01-21 19:04:00', '2020-01-21', '19:04:00'),
(53, '2020-01-22 10:27:00', '2020-01-22', '10:27:00'),
(53, '2020-01-22 13:35:00', '2020-01-22', '13:35:00'),
(53, '2020-01-22 14:08:00', '2020-01-22', '14:08:00'),
(53, '2020-01-22 19:10:00', '2020-01-22', '19:10:00'),
(53, '2020-01-23 09:38:00', '2020-01-23', '09:38:00'),
(53, '2020-01-23 13:08:00', '2020-01-23', '13:08:00'),
(53, '2020-01-23 15:50:00', '2020-01-23', '15:50:00'),
(53, '2020-01-23 19:01:00', '2020-01-23', '19:01:00'),
(53, '2020-01-24 10:35:00', '2020-01-24', '10:35:00'),
(53, '2020-01-24 13:13:00', '2020-01-24', '13:13:00'),
(53, '2020-01-24 14:51:00', '2020-01-24', '14:51:00'),
(53, '2020-01-24 18:58:00', '2020-01-24', '18:58:00'),
(54, '2020-01-20 08:43:00', '2020-01-20', '08:43:00'),
(54, '2020-01-20 13:24:00', '2020-01-20', '13:24:00'),
(54, '2020-01-20 14:39:00', '2020-01-20', '14:39:00'),
(54, '2020-01-20 19:30:00', '2020-01-20', '19:30:00'),
(54, '2020-01-21 09:19:00', '2020-01-21', '09:19:00'),
(54, '2020-01-21 13:36:00', '2020-01-21', '13:36:00'),
(54, '2020-01-21 14:29:00', '2020-01-21', '14:29:00'),
(54, '2020-01-21 19:10:00', '2020-01-21', '19:10:00'),
(54, '2020-01-22 14:17:00', '2020-01-22', '14:17:00'),
(54, '2020-01-22 19:33:00', '2020-01-22', '19:33:00'),
(54, '2020-01-23 08:55:00', '2020-01-23', '08:55:00'),
(54, '2020-01-23 13:08:00', '2020-01-23', '13:08:00'),
(54, '2020-01-23 14:34:00', '2020-01-23', '14:34:00'),
(54, '2020-01-23 18:39:00', '2020-01-23', '18:39:00'),
(55, '2020-01-20 08:12:00', '2020-01-20', '08:12:00'),
(55, '2020-01-20 13:06:00', '2020-01-20', '13:06:00'),
(55, '2020-01-20 13:42:00', '2020-01-20', '13:42:00'),
(55, '2020-01-20 17:47:00', '2020-01-20', '17:47:00'),
(55, '2020-01-21 08:33:00', '2020-01-21', '08:33:00'),
(55, '2020-01-21 15:03:00', '2020-01-21', '15:03:00'),
(55, '2020-01-21 15:49:00', '2020-01-21', '15:49:00'),
(55, '2020-01-21 18:03:00', '2020-01-21', '18:03:00'),
(55, '2020-01-22 08:26:00', '2020-01-22', '08:26:00'),
(55, '2020-01-22 14:19:00', '2020-01-22', '14:19:00'),
(55, '2020-01-22 15:17:00', '2020-01-22', '15:17:00'),
(55, '2020-01-22 17:23:00', '2020-01-22', '17:23:00'),
(55, '2020-01-23 08:24:00', '2020-01-23', '08:24:00'),
(55, '2020-01-23 13:59:00', '2020-01-23', '13:59:00'),
(55, '2020-01-23 15:03:00', '2020-01-23', '15:03:00'),
(55, '2020-01-23 17:26:00', '2020-01-23', '17:26:00'),
(55, '2020-01-24 08:20:00', '2020-01-24', '08:20:00'),
(55, '2020-01-24 14:27:00', '2020-01-24', '14:27:00'),
(55, '2020-01-24 15:26:00', '2020-01-24', '15:26:00'),
(55, '2020-01-24 18:08:00', '2020-01-24', '18:08:00'),
(56, '2020-01-21 14:08:00', '2020-01-21', '14:08:00'),
(56, '2020-01-21 15:08:00', '2020-01-21', '15:08:00'),
(56, '2020-01-21 18:31:00', '2020-01-21', '18:31:00'),
(56, '2020-01-22 08:14:00', '2020-01-22', '08:14:00'),
(56, '2020-01-22 14:14:00', '2020-01-22', '14:14:00'),
(56, '2020-01-22 15:17:00', '2020-01-22', '15:17:00'),
(56, '2020-01-22 17:21:00', '2020-01-22', '17:21:00'),
(56, '2020-01-23 08:19:00', '2020-01-23', '08:19:00'),
(56, '2020-01-23 13:59:00', '2020-01-23', '13:59:00'),
(56, '2020-01-23 15:03:00', '2020-01-23', '15:03:00'),
(56, '2020-01-23 16:04:00', '2020-01-23', '16:04:00'),
(56, '2020-01-24 08:11:00', '2020-01-24', '08:11:00'),
(56, '2020-01-24 14:27:00', '2020-01-24', '14:27:00'),
(56, '2020-01-24 15:28:00', '2020-01-24', '15:28:00'),
(56, '2020-01-24 19:08:00', '2020-01-24', '19:08:00'),
(57, '2020-01-20 08:12:00', '2020-01-20', '08:12:00'),
(57, '2020-01-20 13:05:00', '2020-01-20', '13:05:00'),
(57, '2020-01-20 13:46:00', '2020-01-20', '13:46:00'),
(57, '2020-01-20 18:32:00', '2020-01-20', '18:32:00'),
(57, '2020-01-21 08:10:00', '2020-01-21', '08:10:00'),
(57, '2020-01-21 14:08:00', '2020-01-21', '14:08:00'),
(57, '2020-01-21 15:08:00', '2020-01-21', '15:08:00'),
(57, '2020-01-21 18:31:00', '2020-01-21', '18:31:00'),
(57, '2020-01-22 08:07:00', '2020-01-22', '08:07:00'),
(57, '2020-01-22 14:14:00', '2020-01-22', '14:14:00'),
(57, '2020-01-22 15:17:00', '2020-01-22', '15:17:00'),
(57, '2020-01-22 18:08:00', '2020-01-22', '18:08:00'),
(57, '2020-01-23 08:09:00', '2020-01-23', '08:09:00'),
(57, '2020-01-23 13:59:00', '2020-01-23', '13:59:00'),
(57, '2020-01-23 15:03:00', '2020-01-23', '15:03:00'),
(57, '2020-01-23 19:04:00', '2020-01-23', '19:04:00'),
(57, '2020-01-24 08:10:00', '2020-01-24', '08:10:00'),
(57, '2020-01-24 14:27:00', '2020-01-24', '14:27:00'),
(57, '2020-01-24 15:28:00', '2020-01-24', '15:28:00'),
(57, '2020-01-24 19:07:00', '2020-01-24', '19:07:00'),
(59, '2020-01-21 09:58:00', '2020-01-21', '09:58:00'),
(59, '2020-01-21 15:17:00', '2020-01-21', '15:17:00'),
(59, '2020-01-22 10:14:00', '2020-01-22', '10:14:00'),
(59, '2020-01-22 14:19:00', '2020-01-22', '14:19:00'),
(59, '2020-01-22 15:46:00', '2020-01-22', '15:46:00'),
(59, '2020-01-22 21:03:00', '2020-01-22', '21:03:00'),
(59, '2020-01-23 10:15:00', '2020-01-23', '10:15:00'),
(59, '2020-01-23 11:10:00', '2020-01-23', '11:10:00'),
(59, '2020-01-23 12:38:00', '2020-01-23', '12:38:00'),
(59, '2020-01-23 14:42:00', '2020-01-23', '14:42:00'),
(59, '2020-01-23 16:06:00', '2020-01-23', '16:06:00'),
(59, '2020-01-23 20:25:00', '2020-01-23', '20:25:00'),
(59, '2020-01-24 10:12:00', '2020-01-24', '10:12:00'),
(59, '2020-01-24 14:15:00', '2020-01-24', '14:15:00'),
(59, '2020-01-24 15:42:00', '2020-01-24', '15:42:00'),
(59, '2020-01-24 20:24:00', '2020-01-24', '20:24:00'),
(60, '2020-01-21 10:09:00', '2020-01-21', '10:09:00'),
(60, '2020-01-21 14:14:00', '2020-01-21', '14:14:00'),
(60, '2020-01-21 15:30:00', '2020-01-21', '15:30:00'),
(60, '2020-01-21 19:06:00', '2020-01-21', '19:06:00'),
(60, '2020-01-22 10:26:00', '2020-01-22', '10:26:00'),
(60, '2020-01-22 13:49:00', '2020-01-22', '13:49:00'),
(60, '2020-01-22 15:33:00', '2020-01-22', '15:33:00'),
(60, '2020-01-22 18:52:00', '2020-01-22', '18:52:00'),
(60, '2020-01-23 10:11:00', '2020-01-23', '10:11:00'),
(60, '2020-01-23 15:34:00', '2020-01-23', '15:34:00'),
(60, '2020-01-23 19:38:00', '2020-01-23', '19:38:00'),
(62, '2020-01-20 10:21:00', '2020-01-20', '10:21:00'),
(62, '2020-01-20 14:30:00', '2020-01-20', '14:30:00'),
(62, '2020-01-20 20:53:00', '2020-01-20', '20:53:00'),
(62, '2020-01-21 10:27:00', '2020-01-21', '10:27:00'),
(62, '2020-01-21 14:14:00', '2020-01-21', '14:14:00'),
(62, '2020-01-21 15:31:00', '2020-01-21', '15:31:00'),
(62, '2020-01-21 20:29:00', '2020-01-21', '20:29:00'),
(62, '2020-01-22 10:19:00', '2020-01-22', '10:19:00'),
(62, '2020-01-22 15:32:00', '2020-01-22', '15:32:00'),
(62, '2020-01-22 21:03:00', '2020-01-22', '21:03:00'),
(62, '2020-01-23 10:22:00', '2020-01-23', '10:22:00'),
(62, '2020-01-23 14:42:00', '2020-01-23', '14:42:00'),
(62, '2020-01-23 16:06:00', '2020-01-23', '16:06:00'),
(62, '2020-01-23 19:49:00', '2020-01-23', '19:49:00'),
(62, '2020-01-24 10:32:00', '2020-01-24', '10:32:00'),
(62, '2020-01-24 13:05:00', '2020-01-24', '13:05:00'),
(62, '2020-01-24 15:05:00', '2020-01-24', '15:05:00'),
(62, '2020-01-24 20:24:00', '2020-01-24', '20:24:00'),
(64, '2020-01-20 10:51:00', '2020-01-20', '10:51:00'),
(64, '2020-01-20 14:31:00', '2020-01-20', '14:31:00'),
(64, '2020-01-20 15:38:00', '2020-01-20', '15:38:00'),
(64, '2020-01-20 20:45:00', '2020-01-20', '20:45:00'),
(64, '2020-01-21 11:00:00', '2020-01-21', '11:00:00'),
(64, '2020-01-21 21:11:00', '2020-01-21', '21:11:00'),
(64, '2020-01-22 10:49:00', '2020-01-22', '10:49:00'),
(64, '2020-01-22 14:19:00', '2020-01-22', '14:19:00'),
(64, '2020-01-22 15:46:00', '2020-01-22', '15:46:00'),
(64, '2020-01-22 21:03:00', '2020-01-22', '21:03:00'),
(64, '2020-01-23 10:32:00', '2020-01-23', '10:32:00'),
(64, '2020-01-23 14:42:00', '2020-01-23', '14:42:00'),
(64, '2020-01-23 16:06:00', '2020-01-23', '16:06:00'),
(64, '2020-01-23 16:10:00', '2020-01-23', '16:10:00'),
(64, '2020-01-24 11:00:00', '2020-01-24', '11:00:00'),
(64, '2020-01-24 14:15:00', '2020-01-24', '14:15:00'),
(64, '2020-01-24 15:42:00', '2020-01-24', '15:42:00'),
(64, '2020-01-24 20:24:00', '2020-01-24', '20:24:00'),
(65, '2020-01-20 10:46:00', '2020-01-20', '10:46:00'),
(65, '2020-01-20 14:45:00', '2020-01-20', '14:45:00'),
(65, '2020-01-20 15:43:00', '2020-01-20', '15:43:00'),
(65, '2020-01-20 19:06:00', '2020-01-20', '19:06:00'),
(65, '2020-01-23 10:51:00', '2020-01-23', '10:51:00'),
(65, '2020-01-23 13:16:00', '2020-01-23', '13:16:00'),
(65, '2020-01-23 15:10:00', '2020-01-23', '15:10:00'),
(65, '2020-01-23 15:30:00', '2020-01-23', '15:30:00'),
(65, '2020-01-23 16:31:00', '2020-01-23', '16:31:00'),
(65, '2020-01-23 19:38:00', '2020-01-23', '19:38:00'),
(65, '2020-01-24 10:18:00', '2020-01-24', '10:18:00'),
(65, '2020-01-24 14:51:00', '2020-01-24', '14:51:00'),
(65, '2020-01-24 16:04:00', '2020-01-24', '16:04:00'),
(65, '2020-01-25 00:57:00', '2020-01-25', '00:57:00'),
(67, '2020-01-21 09:58:00', '2020-01-21', '09:58:00'),
(67, '2020-01-21 14:20:00', '2020-01-21', '14:20:00'),
(67, '2020-01-21 15:06:00', '2020-01-21', '15:06:00'),
(67, '2020-01-21 20:32:00', '2020-01-21', '20:32:00'),
(67, '2020-01-22 10:05:00', '2020-01-22', '10:05:00'),
(67, '2020-01-22 14:07:00', '2020-01-22', '14:07:00'),
(67, '2020-01-22 14:30:00', '2020-01-22', '14:30:00'),
(67, '2020-01-22 16:58:00', '2020-01-22', '16:58:00'),
(67, '2020-01-23 09:52:00', '2020-01-23', '09:52:00'),
(67, '2020-01-23 14:08:00', '2020-01-23', '14:08:00'),
(67, '2020-01-23 14:47:00', '2020-01-23', '14:47:00'),
(67, '2020-01-23 19:05:00', '2020-01-23', '19:05:00'),
(67, '2020-01-24 09:54:00', '2020-01-24', '09:54:00'),
(67, '2020-01-24 14:11:00', '2020-01-24', '14:11:00'),
(67, '2020-01-24 14:28:00', '2020-01-24', '14:28:00'),
(67, '2020-01-24 19:16:00', '2020-01-24', '19:16:00'),
(68, '2020-01-20 10:13:00', '2020-01-20', '10:13:00'),
(68, '2020-01-21 10:19:00', '2020-01-21', '10:19:00'),
(68, '2020-01-21 14:13:00', '2020-01-21', '14:13:00'),
(68, '2020-01-21 15:31:00', '2020-01-21', '15:31:00'),
(68, '2020-01-21 19:24:00', '2020-01-21', '19:24:00'),
(68, '2020-01-22 10:21:00', '2020-01-22', '10:21:00'),
(68, '2020-01-22 13:49:00', '2020-01-22', '13:49:00'),
(68, '2020-01-22 15:32:00', '2020-01-22', '15:32:00'),
(68, '2020-01-22 19:42:00', '2020-01-22', '19:42:00'),
(68, '2020-01-23 09:54:00', '2020-01-23', '09:54:00'),
(68, '2020-01-23 15:34:00', '2020-01-23', '15:34:00'),
(68, '2020-01-23 19:38:00', '2020-01-23', '19:38:00'),
(68, '2020-01-24 10:04:00', '2020-01-24', '10:04:00'),
(68, '2020-01-24 15:01:00', '2020-01-24', '15:01:00'),
(68, '2020-01-24 16:04:00', '2020-01-24', '16:04:00'),
(68, '2020-01-24 19:34:00', '2020-01-24', '19:34:00'),
(69, '2020-01-20 09:12:00', '2020-01-20', '09:12:00'),
(69, '2020-01-20 14:29:00', '2020-01-20', '14:29:00'),
(69, '2020-01-20 15:21:00', '2020-01-20', '15:21:00'),
(69, '2020-01-20 19:02:00', '2020-01-20', '19:02:00'),
(69, '2020-01-21 09:26:00', '2020-01-21', '09:26:00'),
(69, '2020-01-21 13:57:00', '2020-01-21', '13:57:00'),
(69, '2020-01-21 15:01:00', '2020-01-21', '15:01:00'),
(69, '2020-01-21 19:04:00', '2020-01-21', '19:04:00'),
(69, '2020-01-22 09:20:00', '2020-01-22', '09:20:00'),
(69, '2020-01-22 13:56:00', '2020-01-22', '13:56:00'),
(69, '2020-01-22 15:00:00', '2020-01-22', '15:00:00'),
(69, '2020-01-23 09:22:00', '2020-01-23', '09:22:00'),
(69, '2020-01-23 14:01:00', '2020-01-23', '14:01:00'),
(69, '2020-01-23 15:08:00', '2020-01-23', '15:08:00'),
(69, '2020-01-23 19:16:00', '2020-01-23', '19:16:00'),
(69, '2020-01-24 09:27:00', '2020-01-24', '09:27:00'),
(69, '2020-01-24 13:05:00', '2020-01-24', '13:05:00'),
(69, '2020-01-24 15:05:00', '2020-01-24', '15:05:00'),
(69, '2020-01-24 19:15:00', '2020-01-24', '19:15:00'),
(70, '2020-01-20 08:16:00', '2020-01-20', '08:16:00'),
(70, '2020-01-20 13:31:00', '2020-01-20', '13:31:00'),
(70, '2020-01-20 14:51:00', '2020-01-20', '14:51:00'),
(70, '2020-01-20 17:03:00', '2020-01-20', '17:03:00'),
(70, '2020-01-21 08:16:00', '2020-01-21', '08:16:00'),
(70, '2020-01-21 13:26:00', '2020-01-21', '13:26:00'),
(70, '2020-01-21 14:38:00', '2020-01-21', '14:38:00'),
(70, '2020-01-21 18:12:00', '2020-01-21', '18:12:00'),
(70, '2020-01-22 08:38:00', '2020-01-22', '08:38:00'),
(70, '2020-01-22 13:23:00', '2020-01-22', '13:23:00'),
(70, '2020-01-22 14:34:00', '2020-01-22', '14:34:00'),
(70, '2020-01-22 18:38:00', '2020-01-22', '18:38:00'),
(70, '2020-01-23 08:25:00', '2020-01-23', '08:25:00'),
(70, '2020-01-23 13:15:00', '2020-01-23', '13:15:00'),
(70, '2020-01-23 14:26:00', '2020-01-23', '14:26:00'),
(70, '2020-01-23 18:26:00', '2020-01-23', '18:26:00'),
(70, '2020-01-24 08:23:00', '2020-01-24', '08:23:00'),
(70, '2020-01-24 13:05:00', '2020-01-24', '13:05:00'),
(70, '2020-01-24 15:05:00', '2020-01-24', '15:05:00'),
(70, '2020-01-24 18:20:00', '2020-01-24', '18:20:00'),
(71, '2020-01-20 13:22:00', '2020-01-20', '13:22:00'),
(71, '2020-01-20 19:39:00', '2020-01-20', '19:39:00'),
(71, '2020-01-21 08:06:00', '2020-01-21', '08:06:00'),
(71, '2020-01-21 17:11:00', '2020-01-21', '17:11:00'),
(71, '2020-01-22 08:10:00', '2020-01-22', '08:10:00'),
(71, '2020-01-22 16:14:00', '2020-01-22', '16:14:00'),
(71, '2020-01-23 08:08:00', '2020-01-23', '08:08:00'),
(71, '2020-01-23 16:10:00', '2020-01-23', '16:10:00'),
(71, '2020-01-24 08:07:00', '2020-01-24', '08:07:00'),
(71, '2020-01-24 13:05:00', '2020-01-24', '13:05:00'),
(71, '2020-01-24 14:48:00', '2020-01-24', '14:48:00'),
(71, '2020-01-24 16:12:00', '2020-01-24', '16:12:00'),
(72, '2020-01-20 08:56:00', '2020-01-20', '08:56:00'),
(72, '2020-01-20 14:31:00', '2020-01-20', '14:31:00'),
(72, '2020-01-20 15:25:00', '2020-01-20', '15:25:00'),
(72, '2020-01-20 18:04:00', '2020-01-20', '18:04:00'),
(72, '2020-01-21 08:56:00', '2020-01-21', '08:56:00'),
(72, '2020-01-21 14:09:00', '2020-01-21', '14:09:00'),
(72, '2020-01-21 15:08:00', '2020-01-21', '15:08:00'),
(72, '2020-01-21 18:00:00', '2020-01-21', '18:00:00'),
(72, '2020-01-22 08:59:00', '2020-01-22', '08:59:00'),
(72, '2020-01-22 14:17:00', '2020-01-22', '14:17:00'),
(72, '2020-01-22 15:17:00', '2020-01-22', '15:17:00'),
(72, '2020-01-22 18:01:00', '2020-01-22', '18:01:00'),
(72, '2020-01-23 08:58:00', '2020-01-23', '08:58:00'),
(72, '2020-01-23 14:19:00', '2020-01-23', '14:19:00'),
(72, '2020-01-23 15:03:00', '2020-01-23', '15:03:00'),
(72, '2020-01-23 18:00:00', '2020-01-23', '18:00:00'),
(72, '2020-01-24 09:01:00', '2020-01-24', '09:01:00'),
(72, '2020-01-24 13:06:00', '2020-01-24', '13:06:00'),
(72, '2020-01-24 15:05:00', '2020-01-24', '15:05:00'),
(72, '2020-01-24 18:00:00', '2020-01-24', '18:00:00'),
(76, '2020-01-22 09:05:00', '2020-01-22', '09:05:00'),
(76, '2020-01-22 13:03:00', '2020-01-22', '13:03:00'),
(76, '2020-01-22 18:10:00', '2020-01-22', '18:10:00'),
(76, '2020-01-23 13:06:00', '2020-01-23', '13:06:00'),
(76, '2020-01-23 14:08:00', '2020-01-23', '14:08:00'),
(76, '2020-01-23 18:16:00', '2020-01-23', '18:16:00'),
(76, '2020-01-24 09:03:00', '2020-01-24', '09:03:00'),
(80, '2020-01-20 09:17:00', '2020-01-20', '09:17:00'),
(80, '2020-01-20 13:13:00', '2020-01-20', '13:13:00'),
(80, '2020-01-20 14:02:00', '2020-01-20', '14:02:00'),
(80, '2020-01-20 19:35:00', '2020-01-20', '19:35:00'),
(80, '2020-01-21 09:25:00', '2020-01-21', '09:25:00'),
(80, '2020-01-21 13:22:00', '2020-01-21', '13:22:00'),
(80, '2020-01-21 14:15:00', '2020-01-21', '14:15:00'),
(80, '2020-01-21 19:42:00', '2020-01-21', '19:42:00'),
(80, '2020-01-22 09:20:00', '2020-01-22', '09:20:00'),
(80, '2020-01-22 13:26:00', '2020-01-22', '13:26:00'),
(80, '2020-01-22 14:21:00', '2020-01-22', '14:21:00'),
(80, '2020-01-22 19:42:00', '2020-01-22', '19:42:00'),
(80, '2020-01-23 09:28:00', '2020-01-23', '09:28:00'),
(80, '2020-01-23 13:55:00', '2020-01-23', '13:55:00'),
(80, '2020-01-23 14:12:00', '2020-01-23', '14:12:00'),
(80, '2020-01-23 15:40:00', '2020-01-23', '15:40:00'),
(80, '2020-01-23 16:30:00', '2020-01-23', '16:30:00'),
(80, '2020-01-23 19:41:00', '2020-01-23', '19:41:00'),
(80, '2020-01-24 09:26:00', '2020-01-24', '09:26:00'),
(80, '2020-01-24 13:19:00', '2020-01-24', '13:19:00'),
(80, '2020-01-24 14:16:00', '2020-01-24', '14:16:00'),
(80, '2020-01-24 19:39:00', '2020-01-24', '19:39:00'),
(81, '2020-01-20 10:22:00', '2020-01-20', '10:22:00'),
(81, '2020-01-20 20:02:00', '2020-01-20', '20:02:00'),
(81, '2020-01-21 10:20:00', '2020-01-21', '10:20:00'),
(81, '2020-01-21 20:23:00', '2020-01-21', '20:23:00'),
(81, '2020-01-22 10:03:00', '2020-01-22', '10:03:00'),
(81, '2020-01-22 19:56:00', '2020-01-22', '19:56:00'),
(81, '2020-01-23 09:49:00', '2020-01-23', '09:49:00'),
(81, '2020-01-23 20:25:00', '2020-01-23', '20:25:00'),
(81, '2020-01-24 16:28:00', '2020-01-24', '16:28:00'),
(81, '2020-01-24 21:17:00', '2020-01-24', '21:17:00'),
(82, '2020-01-20 09:31:00', '2020-01-20', '09:31:00'),
(82, '2020-01-20 13:13:00', '2020-01-20', '13:13:00'),
(82, '2020-01-20 14:08:00', '2020-01-20', '14:08:00'),
(82, '2020-01-20 19:30:00', '2020-01-20', '19:30:00'),
(82, '2020-01-21 10:54:00', '2020-01-21', '10:54:00'),
(82, '2020-01-21 13:39:00', '2020-01-21', '13:39:00'),
(82, '2020-01-21 14:31:00', '2020-01-21', '14:31:00'),
(82, '2020-01-21 19:10:00', '2020-01-21', '19:10:00'),
(82, '2020-01-22 09:45:00', '2020-01-22', '09:45:00'),
(82, '2020-01-23 10:09:00', '2020-01-23', '10:09:00'),
(82, '2020-01-23 19:56:00', '2020-01-23', '19:56:00'),
(82, '2020-01-24 09:30:00', '2020-01-24', '09:30:00'),
(82, '2020-01-24 20:54:00', '2020-01-24', '20:54:00');

-- --------------------------------------------------------

--
-- Estructura de tabla para la tabla `nieto`
--

CREATE TABLE `nieto` (
  `idnieto` int(11) NOT NULL,
  `idhijo` int(255) NOT NULL DEFAULT 0,
  `nieto` text CHARACTER SET latin1 COLLATE latin1_spanish_ci NOT NULL,
  `idturno` int(11) NOT NULL
) ENGINE=InnoDB DEFAULT CHARSET=utf8mb4;

--
-- Volcado de datos para la tabla `nieto`
--

INSERT INTO `nieto` (`idnieto`, `idhijo`, `nieto`, `idturno`) VALUES
(30, 3, 'luz atay', 3),
(31, 3, 'claudia pitot', 3),
(32, 3, 'vivian nino', 4),
(33, 3, 'Luis Tapia', 5),
(34, 3, 'Nimia P', 6),
(35, 3, 'Kateryn P', 7),
(36, 3, 'dani', 2),
(37, 3, 'Rogelio P', 8),
(38, 7, 'Vladimir Rodriguez', 1),
(39, 7, 'Antony Romero', 1),
(40, 7, 'George', 8),
(41, 4, 'Cristian Bastidas', 9),
(42, 4, 'Dante Brito', 10),
(44, 4, 'Hilario Alexander', 11),
(45, 4, 'Rodriguez Pool', 12),
(47, 4, 'Albertini', 13),
(48, 5, 'Mariela Saavedra', 14),
(50, 5, 'Kelly', 15),
(53, 5, 'Joseph', 20),
(54, 5, 'Grace', 13),
(55, 6, 'Marcela', 21),
(56, 6, 'Tania', 22),
(57, 6, 'CristinaJ', 23),
(58, 6, 'RocioQ', 3),
(59, 8, 'Vernica', 24),
(60, 8, 'Maria Huaman', 25),
(61, 8, 'EstefannyR', 25),
(62, 8, 'GiancarloA', 25),
(63, 8, 'YanetS', 25),
(64, 8, 'Erica Flores', 25),
(65, 8, 'Debora', 25),
(66, 8, 'Elsa Quispe', 25),
(67, 8, 'Luis G', 25),
(68, 8, 'Lorena', 26),
(69, 8, 'Dante', 13),
(70, 9, 'Jackeline', 27),
(71, 9, 'Agripina', 28),
(72, 9, 'Emmanuel', 29),
(73, 10, 'Melissa', 30),
(74, 10, 'Wiliam', 30),
(75, 10, 'Erick R', 31),
(76, 11, 'Yesenia P', 27),
(77, 11, 'Angel F', 32),
(78, 11, 'Andrea S', 1),
(80, 5, 'Diana', 19),
(81, 5, 'Cecilia', 16),
(82, 5, 'Yoselin', 18),
(83, 4, 'Javier J', 13);

-- --------------------------------------------------------

--
-- Estructura de tabla para la tabla `nuevo`
--

CREATE TABLE `nuevo` (
  `idempleado` int(11) NOT NULL,
  `fecha` date NOT NULL,
  `horingreso` time NOT NULL,
  `horibi` time DEFAULT NULL,
  `horibs` time DEFAULT NULL,
  `horisalida` time NOT NULL,
  `maringreso` time DEFAULT NULL,
  `maribi` time DEFAULT NULL,
  `maribs` time DEFAULT NULL,
  `marsalida` time DEFAULT NULL,
  `tardanza` time DEFAULT NULL,
  `temprano` time DEFAULT NULL,
  `worktime` time DEFAULT NULL,
  `tiempototal` time DEFAULT NULL
) ENGINE=InnoDB DEFAULT CHARSET=utf8mb4;

--
-- Volcado de datos para la tabla `nuevo`
--

INSERT INTO `nuevo` (`idempleado`, `fecha`, `horingreso`, `horibi`, `horibs`, `horisalida`, `maringreso`, `maribi`, `maribs`, `marsalida`, `tardanza`, `temprano`, `worktime`, `tiempototal`) VALUES
(30, '2020-01-20', '08:00:00', '13:00:00', '15:00:00', '17:00:00', '08:16:00', '00:00:00', '00:00:00', '18:41:00', '00:16:00', '00:00:00', '08:43:00', '10:24:00'),
(30, '2020-01-21', '08:00:00', '13:00:00', '15:00:00', '17:00:00', '08:16:00', '00:00:00', '00:00:00', '20:23:00', '00:16:00', '00:00:00', '08:44:00', '12:07:00'),
(30, '2020-01-22', '08:00:00', '13:00:00', '15:00:00', '17:00:00', '08:35:00', '00:00:00', '00:00:00', '17:21:00', '00:35:00', '00:00:00', '08:24:00', '08:45:00'),
(30, '2020-01-23', '08:00:00', '13:00:00', '15:00:00', '17:00:00', '08:16:00', '00:00:00', '00:00:00', '17:11:00', '00:16:00', '00:00:00', '08:43:00', '08:54:00'),
(30, '2020-01-24', '08:00:00', '13:00:00', '15:00:00', '17:00:00', '08:17:00', '00:00:00', '00:00:00', '17:56:00', '00:17:00', '00:00:00', '08:42:00', '09:38:00'),
(31, '2020-01-20', '08:00:00', '13:00:00', '15:00:00', '17:00:00', '07:52:00', '00:00:00', '00:00:00', '17:13:00', '00:00:00', '00:00:00', '09:00:00', '09:20:00'),
(31, '2020-01-21', '08:00:00', '13:00:00', '15:00:00', '17:00:00', '07:59:00', '00:00:00', '00:00:00', '17:19:00', '00:00:00', '00:00:00', '09:00:00', '09:19:00'),
(31, '2020-01-22', '08:00:00', '13:00:00', '15:00:00', '17:00:00', '07:55:00', '00:00:00', '00:00:00', '17:03:00', '00:00:00', '00:00:00', '09:00:00', '09:07:00'),
(31, '2020-01-23', '08:00:00', '13:00:00', '15:00:00', '17:00:00', '07:53:00', '00:00:00', '00:00:00', '17:04:00', '00:00:00', '00:00:00', '09:00:00', '09:10:00'),
(31, '2020-01-24', '08:00:00', '13:00:00', '15:00:00', '17:00:00', '07:56:00', '00:00:00', '00:00:00', '17:30:00', '00:00:00', '00:00:00', '09:00:00', '09:34:00'),
(32, '2020-01-20', '09:00:00', '13:00:00', '15:00:00', '16:30:00', '10:12:00', '00:00:00', '00:00:00', '21:24:00', '01:12:00', '00:00:00', '06:17:00', '11:12:00'),
(32, '2020-01-22', '09:00:00', '13:00:00', '15:00:00', '16:30:00', '09:54:00', '00:00:00', '00:00:00', '16:32:00', '00:54:00', '00:00:00', '06:35:00', '06:38:00'),
(32, '2020-01-24', '09:00:00', '13:00:00', '15:00:00', '16:30:00', '10:16:00', '00:00:00', '00:00:00', '14:04:00', '01:16:00', '02:26:00', '03:48:00', '03:48:00'),
(33, '2020-01-21', '08:00:00', '13:00:00', '15:00:00', '17:00:00', '09:37:00', '00:00:00', '00:00:00', '18:41:00', '01:37:00', '00:00:00', '07:22:00', '09:04:00'),
(33, '2020-01-22', '08:00:00', '13:00:00', '15:00:00', '17:00:00', '09:24:00', '00:00:00', '00:00:00', '18:08:00', '01:24:00', '00:00:00', '07:35:00', '08:43:00'),
(33, '2020-01-23', '08:00:00', '13:00:00', '15:00:00', '17:00:00', '09:35:00', '00:00:00', '00:00:00', '19:26:00', '01:35:00', '00:00:00', '07:24:00', '09:50:00'),
(34, '2020-01-20', '09:00:00', '13:00:00', '15:00:00', '18:00:00', '08:56:00', '00:00:00', '00:00:00', '18:14:00', '00:00:00', '00:00:00', '09:00:00', '09:17:00'),
(34, '2020-01-21', '09:00:00', '13:00:00', '15:00:00', '18:00:00', '08:49:00', '00:00:00', '00:00:00', '17:56:00', '00:00:00', '00:00:00', '08:56:00', '09:06:00'),
(34, '2020-01-22', '09:00:00', '13:00:00', '15:00:00', '18:00:00', '09:10:00', '00:00:00', '00:00:00', '18:14:00', '00:10:00', '00:00:00', '08:49:00', '09:03:00'),
(34, '2020-01-23', '09:00:00', '13:00:00', '15:00:00', '18:00:00', '08:57:00', '00:00:00', '00:00:00', '17:04:00', '00:00:00', '00:56:00', '08:04:00', '08:07:00'),
(34, '2020-01-24', '09:00:00', '13:00:00', '15:00:00', '18:00:00', '09:10:00', '00:00:00', '00:00:00', '17:52:00', '00:10:00', '00:08:00', '08:42:00', '08:42:00'),
(35, '2020-01-20', '08:00:00', '13:00:00', '15:00:00', '16:00:00', '07:52:00', '00:00:00', '00:00:00', '21:16:00', '00:00:00', '00:00:00', '08:00:00', '13:24:00'),
(35, '2020-01-21', '08:00:00', '13:00:00', '15:00:00', '16:00:00', '07:59:00', '00:00:00', '00:00:00', '21:31:00', '00:00:00', '00:00:00', '08:00:00', '13:31:00'),
(35, '2020-01-22', '08:00:00', '13:00:00', '15:00:00', '16:00:00', '08:01:00', '00:00:00', '00:00:00', '17:21:00', '00:00:00', '00:00:00', '07:58:00', '09:19:00'),
(35, '2020-01-23', '08:00:00', '13:00:00', '15:00:00', '16:00:00', '08:11:00', '00:00:00', '00:00:00', '17:11:00', '00:11:00', '00:00:00', '07:48:00', '09:00:00'),
(35, '2020-01-24', '08:00:00', '13:00:00', '15:00:00', '16:00:00', '08:18:00', '00:00:00', '00:00:00', '19:10:00', '00:18:00', '00:00:00', '07:42:00', '10:52:00'),
(36, '2020-01-20', '09:00:00', '13:00:00', '15:00:00', '18:00:00', '00:00:00', '00:00:00', '00:00:00', '00:00:00', '00:00:00', '00:00:00', '00:00:00', '00:00:00'),
(36, '2020-01-21', '09:00:00', '13:00:00', '15:00:00', '18:00:00', '00:00:00', '00:00:00', '00:00:00', '00:00:00', '00:00:00', '00:00:00', '00:00:00', '00:00:00'),
(36, '2020-01-22', '09:00:00', '13:00:00', '15:00:00', '18:00:00', '00:00:00', '00:00:00', '00:00:00', '00:00:00', '00:00:00', '00:00:00', '00:00:00', '00:00:00'),
(36, '2020-01-23', '09:00:00', '13:00:00', '15:00:00', '18:00:00', '00:00:00', '00:00:00', '00:00:00', '00:00:00', '00:00:00', '00:00:00', '00:00:00', '00:00:00'),
(36, '2020-01-24', '09:00:00', '13:00:00', '15:00:00', '18:00:00', '00:00:00', '00:00:00', '00:00:00', '00:00:00', '00:00:00', '00:00:00', '00:00:00', '00:00:00'),
(37, '2020-01-20', '09:00:00', '13:00:00', '15:00:00', '17:00:00', '09:52:00', '00:00:00', '00:00:00', '17:34:00', '00:52:00', '00:00:00', '07:07:00', '07:41:00'),
(37, '2020-01-21', '09:00:00', '13:00:00', '15:00:00', '17:00:00', '09:59:00', '00:00:00', '00:00:00', '17:43:00', '00:59:00', '00:00:00', '07:00:00', '07:44:00'),
(37, '2020-01-22', '09:00:00', '13:00:00', '15:00:00', '17:00:00', '00:00:00', '00:00:00', '00:00:00', '00:00:00', '00:00:00', '00:00:00', '00:00:00', '00:00:00'),
(37, '2020-01-23', '09:00:00', '13:00:00', '15:00:00', '17:00:00', '09:44:00', '00:00:00', '00:00:00', '17:07:00', '00:44:00', '00:00:00', '07:15:00', '07:23:00'),
(37, '2020-01-24', '09:00:00', '13:00:00', '15:00:00', '17:00:00', '09:57:00', '00:00:00', '00:00:00', '17:43:00', '00:57:00', '00:00:00', '07:02:00', '07:46:00'),
(38, '2020-01-20', '08:00:00', '13:00:00', '15:00:00', '18:00:00', '07:40:00', '00:00:00', '00:00:00', '00:00:00', '00:00:00', '01:00:00', '09:00:00', '09:19:00'),
(38, '2020-01-21', '08:00:00', '13:00:00', '15:00:00', '18:00:00', '00:00:00', '00:00:00', '00:00:00', '00:00:00', '00:00:00', '00:00:00', '00:00:00', '00:00:00'),
(38, '2020-01-22', '08:00:00', '13:00:00', '15:00:00', '18:00:00', '07:34:00', '00:00:00', '00:00:00', '00:00:00', '00:00:00', '01:00:00', '09:00:00', '09:25:00'),
(38, '2020-01-23', '08:00:00', '13:00:00', '15:00:00', '18:00:00', '07:33:00', '00:00:00', '00:00:00', '00:00:00', '00:00:00', '01:00:00', '09:00:00', '09:26:00'),
(38, '2020-01-24', '08:00:00', '13:00:00', '15:00:00', '18:00:00', '07:39:00', '00:00:00', '00:00:00', '00:00:00', '00:00:00', '01:00:00', '09:00:00', '09:20:00'),
(39, '2020-01-20', '08:00:00', '13:00:00', '15:00:00', '18:00:00', '08:19:00', '00:00:00', '00:00:00', '00:00:00', '00:19:00', '01:00:00', '08:40:00', '08:40:00'),
(39, '2020-01-21', '08:00:00', '13:00:00', '15:00:00', '18:00:00', '00:00:00', '00:00:00', '00:00:00', '00:00:00', '00:00:00', '00:00:00', '00:00:00', '00:00:00'),
(39, '2020-01-22', '08:00:00', '13:00:00', '15:00:00', '18:00:00', '08:25:00', '00:00:00', '00:00:00', '19:20:00', '00:25:00', '00:00:00', '09:34:00', '10:55:00'),
(39, '2020-01-23', '08:00:00', '13:00:00', '15:00:00', '18:00:00', '00:00:00', '00:00:00', '00:00:00', '18:20:00', '01:00:00', '00:00:00', '09:00:00', '09:20:00'),
(39, '2020-01-24', '08:00:00', '13:00:00', '15:00:00', '18:00:00', '08:47:00', '00:00:00', '00:00:00', '19:00:00', '00:47:00', '00:00:00', '09:12:00', '10:12:00'),
(40, '2020-01-20', '09:00:00', '13:00:00', '15:00:00', '17:00:00', '00:00:00', '00:00:00', '00:00:00', '00:00:00', '00:00:00', '00:00:00', '00:00:00', '00:00:00'),
(40, '2020-01-21', '09:00:00', '13:00:00', '15:00:00', '17:00:00', '00:00:00', '00:00:00', '00:00:00', '00:00:00', '00:00:00', '00:00:00', '00:00:00', '00:00:00'),
(40, '2020-01-22', '09:00:00', '13:00:00', '15:00:00', '17:00:00', '00:00:00', '00:00:00', '00:00:00', '00:00:00', '00:00:00', '00:00:00', '00:00:00', '00:00:00'),
(40, '2020-01-23', '09:00:00', '13:00:00', '15:00:00', '17:00:00', '00:00:00', '00:00:00', '00:00:00', '00:00:00', '00:00:00', '00:00:00', '00:00:00', '00:00:00'),
(40, '2020-01-24', '09:00:00', '13:00:00', '15:00:00', '17:00:00', '00:00:00', '00:00:00', '00:00:00', '00:00:00', '00:00:00', '00:00:00', '00:00:00', '00:00:00'),
(41, '2020-01-20', '09:00:00', '13:00:00', '15:00:00', '19:00:00', '08:36:00', '00:00:00', '00:00:00', '20:04:00', '00:00:00', '00:00:00', '10:00:00', '11:28:00'),
(41, '2020-01-21', '09:00:00', '13:00:00', '15:00:00', '19:00:00', '08:50:00', '00:00:00', '00:00:00', '20:05:00', '00:00:00', '00:00:00', '10:00:00', '11:15:00'),
(41, '2020-01-22', '09:00:00', '13:00:00', '15:00:00', '19:00:00', '08:52:00', '00:00:00', '00:00:00', '19:28:00', '00:00:00', '00:00:00', '10:00:00', '10:35:00'),
(41, '2020-01-23', '09:00:00', '13:00:00', '15:00:00', '19:00:00', '08:58:00', '00:00:00', '00:00:00', '19:22:00', '00:00:00', '00:00:00', '10:00:00', '10:24:00'),
(41, '2020-01-24', '09:00:00', '13:00:00', '15:00:00', '19:00:00', '08:39:00', '00:00:00', '00:00:00', '20:30:00', '00:00:00', '00:00:00', '10:00:00', '11:51:00'),
(42, '2020-01-20', '09:00:00', '13:00:00', '15:00:00', '19:00:00', '09:21:00', '00:00:00', '00:00:00', '20:20:00', '00:21:00', '00:00:00', '09:38:00', '10:58:00'),
(42, '2020-01-21', '09:00:00', '13:00:00', '15:00:00', '19:00:00', '10:07:00', '00:00:00', '00:00:00', '20:33:00', '01:07:00', '00:00:00', '08:52:00', '10:26:00'),
(42, '2020-01-22', '09:00:00', '13:00:00', '15:00:00', '19:00:00', '10:13:00', '00:00:00', '00:00:00', '21:00:00', '01:13:00', '00:00:00', '08:46:00', '10:46:00'),
(42, '2020-01-23', '09:00:00', '13:00:00', '15:00:00', '19:00:00', '10:32:00', '00:00:00', '00:00:00', '19:39:00', '01:32:00', '00:00:00', '08:27:00', '09:07:00'),
(42, '2020-01-24', '09:00:00', '13:00:00', '15:00:00', '19:00:00', '10:04:00', '00:00:00', '00:00:00', '14:59:00', '01:04:00', '04:01:00', '04:54:00', '04:54:00'),
(44, '2020-01-20', '10:00:00', '13:00:00', '15:00:00', '19:00:00', '00:00:00', '00:00:00', '00:00:00', '00:00:00', '00:00:00', '00:00:00', '00:00:00', '00:00:00'),
(44, '2020-01-21', '10:00:00', '13:00:00', '15:00:00', '19:00:00', '00:00:00', '00:00:00', '00:00:00', '00:00:00', '00:00:00', '00:00:00', '00:00:00', '00:00:00'),
(44, '2020-01-22', '10:00:00', '13:00:00', '15:00:00', '19:00:00', '00:00:00', '00:00:00', '00:00:00', '00:00:00', '00:00:00', '00:00:00', '00:00:00', '00:00:00'),
(44, '2020-01-23', '10:00:00', '13:00:00', '15:00:00', '19:00:00', '00:00:00', '00:00:00', '00:00:00', '00:00:00', '00:00:00', '00:00:00', '00:00:00', '00:00:00'),
(44, '2020-01-24', '10:00:00', '13:00:00', '15:00:00', '19:00:00', '00:00:00', '00:00:00', '00:00:00', '00:00:00', '00:00:00', '00:00:00', '00:00:00', '00:00:00'),
(45, '2020-01-20', '10:00:00', '13:00:00', '15:00:00', '19:00:00', '00:00:00', '00:00:00', '00:00:00', '00:00:00', '00:00:00', '00:00:00', '00:00:00', '00:00:00'),
(45, '2020-01-21', '11:00:00', '13:00:00', '15:00:00', '20:00:00', '00:00:00', '00:00:00', '00:00:00', '00:00:00', '00:00:00', '00:00:00', '00:00:00', '00:00:00'),
(45, '2020-01-23', '13:00:00', '13:00:00', '15:00:00', '22:00:00', '00:00:00', '00:00:00', '00:00:00', '00:00:00', '00:00:00', '00:00:00', '00:00:00', '00:00:00'),
(47, '2020-01-20', '09:00:00', '13:00:00', '15:00:00', '18:00:00', '00:00:00', '00:00:00', '00:00:00', '00:00:00', '00:00:00', '00:00:00', '00:00:00', '00:00:00'),
(47, '2020-01-21', '09:00:00', '13:00:00', '15:00:00', '18:00:00', '00:00:00', '00:00:00', '00:00:00', '00:00:00', '00:00:00', '00:00:00', '00:00:00', '00:00:00'),
(47, '2020-01-22', '09:00:00', '13:00:00', '15:00:00', '18:00:00', '00:00:00', '00:00:00', '00:00:00', '00:00:00', '00:00:00', '00:00:00', '00:00:00', '00:00:00'),
(47, '2020-01-23', '09:00:00', '13:00:00', '15:00:00', '18:00:00', '00:00:00', '00:00:00', '00:00:00', '00:00:00', '00:00:00', '00:00:00', '00:00:00', '00:00:00'),
(47, '2020-01-24', '09:00:00', '13:00:00', '15:00:00', '18:00:00', '00:00:00', '00:00:00', '00:00:00', '00:00:00', '00:00:00', '00:00:00', '00:00:00', '00:00:00'),
(48, '2020-01-20', '09:30:00', '13:00:00', '15:00:00', '18:30:00', '00:00:00', '00:00:00', '00:00:00', '00:00:00', '00:00:00', '00:00:00', '00:00:00', '00:00:00'),
(48, '2020-01-21', '09:30:00', '13:00:00', '15:00:00', '18:30:00', '00:00:00', '00:00:00', '00:00:00', '00:00:00', '00:00:00', '00:00:00', '00:00:00', '00:00:00'),
(48, '2020-01-22', '09:30:00', '13:00:00', '15:00:00', '18:30:00', '00:00:00', '00:00:00', '00:00:00', '00:00:00', '00:00:00', '00:00:00', '00:00:00', '00:00:00'),
(48, '2020-01-23', '09:30:00', '13:00:00', '15:00:00', '18:30:00', '00:00:00', '00:00:00', '00:00:00', '00:00:00', '00:00:00', '00:00:00', '00:00:00', '00:00:00'),
(48, '2020-01-24', '09:30:00', '13:00:00', '15:00:00', '18:30:00', '00:00:00', '00:00:00', '00:00:00', '00:00:00', '00:00:00', '00:00:00', '00:00:00', '00:00:00'),
(50, '2020-01-20', '09:30:00', '13:00:00', '15:00:00', '20:00:00', '00:00:00', '00:00:00', '00:00:00', '00:00:00', '00:00:00', '00:00:00', '00:00:00', '00:00:00'),
(50, '2020-01-21', '09:30:00', '13:00:00', '15:00:00', '19:00:00', '00:00:00', '00:00:00', '00:00:00', '00:00:00', '00:00:00', '00:00:00', '00:00:00', '00:00:00'),
(50, '2020-01-22', '09:30:00', '13:00:00', '15:00:00', '18:30:00', '00:00:00', '00:00:00', '00:00:00', '00:00:00', '00:00:00', '00:00:00', '00:00:00', '00:00:00'),
(50, '2020-01-23', '09:30:00', '13:00:00', '15:00:00', '18:30:00', '00:00:00', '00:00:00', '00:00:00', '00:00:00', '00:00:00', '00:00:00', '00:00:00', '00:00:00'),
(50, '2020-01-24', '09:30:00', '13:00:00', '15:00:00', '18:30:00', '00:00:00', '00:00:00', '00:00:00', '00:00:00', '00:00:00', '00:00:00', '00:00:00', '00:00:00'),
(53, '2020-01-21', '09:00:00', '13:00:00', '15:00:00', '15:00:00', '00:00:00', '00:00:00', '00:00:00', '19:04:00', '01:00:00', '00:00:00', '05:00:00', '09:04:00'),
(53, '2020-01-22', '09:00:00', '13:00:00', '15:00:00', '15:00:00', '10:27:00', '00:00:00', '00:00:00', '19:10:00', '01:27:00', '00:00:00', '04:32:00', '08:43:00'),
(53, '2020-01-23', '09:00:00', '13:00:00', '15:00:00', '15:00:00', '09:38:00', '00:00:00', '00:00:00', '19:01:00', '00:38:00', '00:00:00', '05:21:00', '09:22:00'),
(53, '2020-01-24', '09:00:00', '13:00:00', '15:00:00', '15:00:00', '10:35:00', '00:00:00', '00:00:00', '18:58:00', '01:35:00', '00:00:00', '04:24:00', '08:23:00'),
(54, '2020-01-20', '09:00:00', '13:00:00', '15:00:00', '18:00:00', '08:43:00', '00:00:00', '00:00:00', '19:30:00', '00:00:00', '00:00:00', '09:00:00', '10:46:00'),
(54, '2020-01-21', '09:00:00', '13:00:00', '15:00:00', '18:00:00', '09:19:00', '00:00:00', '00:00:00', '19:10:00', '00:19:00', '00:00:00', '08:40:00', '09:51:00'),
(54, '2020-01-22', '09:00:00', '13:00:00', '15:00:00', '18:00:00', '00:00:00', '00:00:00', '00:00:00', '19:33:00', '01:00:00', '00:00:00', '08:00:00', '09:33:00'),
(54, '2020-01-23', '09:00:00', '13:00:00', '15:00:00', '18:00:00', '08:55:00', '00:00:00', '00:00:00', '18:39:00', '00:00:00', '00:00:00', '09:00:00', '09:43:00'),
(54, '2020-01-24', '09:00:00', '13:00:00', '15:00:00', '18:00:00', '00:00:00', '00:00:00', '00:00:00', '00:00:00', '00:00:00', '00:00:00', '00:00:00', '00:00:00'),
(55, '2020-01-20', '08:00:00', '13:00:00', '15:00:00', '18:00:00', '08:12:00', '00:00:00', '00:00:00', '17:47:00', '00:12:00', '00:13:00', '09:35:00', '09:35:00'),
(55, '2020-01-21', '08:00:00', '13:00:00', '15:00:00', '18:00:00', '08:33:00', '00:00:00', '00:00:00', '18:03:00', '00:33:00', '00:00:00', '09:26:00', '09:29:00'),
(55, '2020-01-22', '08:00:00', '13:00:00', '15:00:00', '18:00:00', '08:26:00', '00:00:00', '00:00:00', '17:23:00', '00:26:00', '00:37:00', '08:57:00', '08:57:00'),
(55, '2020-01-23', '08:00:00', '13:00:00', '15:00:00', '18:00:00', '08:24:00', '00:00:00', '00:00:00', '17:26:00', '00:24:00', '00:34:00', '09:01:00', '09:01:00'),
(55, '2020-01-24', '08:00:00', '13:00:00', '15:00:00', '18:00:00', '08:20:00', '00:00:00', '00:00:00', '18:08:00', '00:20:00', '00:00:00', '09:39:00', '09:47:00'),
(56, '2020-01-20', '08:00:00', '13:00:00', '15:00:00', '18:00:00', '00:00:00', '00:00:00', '00:00:00', '00:00:00', '00:00:00', '00:00:00', '00:00:00', '00:00:00'),
(56, '2020-01-21', '08:00:00', '13:00:00', '15:00:00', '18:00:00', '00:00:00', '00:00:00', '00:00:00', '18:31:00', '01:00:00', '00:00:00', '09:00:00', '09:31:00'),
(56, '2020-01-22', '08:00:00', '13:00:00', '15:00:00', '18:00:00', '08:14:00', '00:00:00', '00:00:00', '17:21:00', '00:14:00', '00:39:00', '09:06:00', '09:06:00'),
(56, '2020-01-23', '08:00:00', '13:00:00', '15:00:00', '18:00:00', '08:19:00', '00:00:00', '00:00:00', '00:00:00', '00:19:00', '01:00:00', '08:40:00', '08:40:00'),
(56, '2020-01-24', '08:00:00', '13:00:00', '15:00:00', '18:00:00', '08:11:00', '00:00:00', '00:00:00', '19:08:00', '00:11:00', '00:00:00', '09:48:00', '10:57:00'),
(57, '2020-01-20', '08:00:00', '13:00:00', '15:00:00', '18:00:00', '08:12:00', '00:00:00', '00:00:00', '18:32:00', '00:12:00', '00:00:00', '09:47:00', '10:19:00'),
(57, '2020-01-21', '08:00:00', '13:00:00', '15:00:00', '18:00:00', '08:10:00', '00:00:00', '00:00:00', '18:31:00', '00:10:00', '00:00:00', '09:49:00', '10:21:00'),
(57, '2020-01-22', '08:00:00', '13:00:00', '15:00:00', '18:00:00', '08:07:00', '00:00:00', '00:00:00', '18:08:00', '00:07:00', '00:00:00', '09:52:00', '10:00:00'),
(57, '2020-01-23', '08:00:00', '13:00:00', '15:00:00', '18:00:00', '08:09:00', '00:00:00', '00:00:00', '19:04:00', '00:09:00', '00:00:00', '09:50:00', '10:55:00'),
(57, '2020-01-24', '08:00:00', '13:00:00', '15:00:00', '18:00:00', '08:10:00', '00:00:00', '00:00:00', '19:07:00', '00:10:00', '00:00:00', '09:49:00', '10:56:00'),
(58, '2020-01-20', '08:00:00', '13:00:00', '15:00:00', '18:00:00', '00:00:00', '00:00:00', '00:00:00', '00:00:00', '00:00:00', '00:00:00', '00:00:00', '00:00:00'),
(58, '2020-01-21', '08:00:00', '13:00:00', '15:00:00', '18:00:00', '00:00:00', '00:00:00', '00:00:00', '00:00:00', '00:00:00', '00:00:00', '00:00:00', '00:00:00'),
(58, '2020-01-22', '08:00:00', '13:00:00', '15:00:00', '18:00:00', '00:00:00', '00:00:00', '00:00:00', '00:00:00', '00:00:00', '00:00:00', '00:00:00', '00:00:00'),
(58, '2020-01-23', '08:00:00', '13:00:00', '15:00:00', '18:00:00', '00:00:00', '00:00:00', '00:00:00', '00:00:00', '00:00:00', '00:00:00', '00:00:00', '00:00:00'),
(58, '2020-01-24', '08:00:00', '13:00:00', '15:00:00', '18:00:00', '00:00:00', '00:00:00', '00:00:00', '00:00:00', '00:00:00', '00:00:00', '00:00:00', '00:00:00'),
(59, '2020-01-20', '10:00:00', '13:00:00', '15:00:00', '18:00:00', '00:00:00', '00:00:00', '00:00:00', '00:00:00', '00:00:00', '00:00:00', '00:00:00', '00:00:00'),
(59, '2020-01-21', '10:00:00', '13:00:00', '15:00:00', '18:00:00', '09:58:00', '00:00:00', '00:00:00', '15:17:00', '00:00:00', '02:43:00', '05:17:00', '05:19:00'),
(59, '2020-01-22', '10:00:00', '13:00:00', '15:00:00', '18:00:00', '10:14:00', '00:00:00', '00:00:00', '00:00:00', '00:14:00', '01:00:00', '06:45:00', '06:45:00'),
(59, '2020-01-23', '10:00:00', '13:00:00', '15:00:00', '18:00:00', '10:15:00', '00:00:00', '00:00:00', '20:25:00', '00:15:00', '00:00:00', '07:44:00', '10:10:00'),
(59, '2020-01-24', '10:00:00', '13:00:00', '15:00:00', '18:00:00', '10:12:00', '00:00:00', '00:00:00', '20:24:00', '00:12:00', '00:00:00', '07:47:00', '10:12:00'),
(60, '2020-01-20', '10:00:00', '13:00:00', '15:00:00', '19:00:00', '00:00:00', '00:00:00', '00:00:00', '00:00:00', '00:00:00', '00:00:00', '00:00:00', '00:00:00'),
(60, '2020-01-21', '10:00:00', '13:00:00', '15:00:00', '19:00:00', '10:09:00', '00:00:00', '00:00:00', '19:06:00', '00:09:00', '00:00:00', '08:50:00', '08:57:00'),
(60, '2020-01-22', '10:00:00', '13:00:00', '15:00:00', '19:00:00', '10:26:00', '00:00:00', '00:00:00', '18:52:00', '00:26:00', '00:08:00', '08:26:00', '08:26:00'),
(60, '2020-01-23', '10:00:00', '13:00:00', '15:00:00', '19:00:00', '10:11:00', '00:00:00', '00:00:00', '19:38:00', '00:11:00', '00:00:00', '08:48:00', '09:27:00'),
(60, '2020-01-24', '10:00:00', '13:00:00', '15:00:00', '19:00:00', '00:00:00', '00:00:00', '00:00:00', '00:00:00', '00:00:00', '00:00:00', '00:00:00', '00:00:00'),
(61, '2020-01-20', '10:00:00', '13:00:00', '15:00:00', '19:00:00', '00:00:00', '00:00:00', '00:00:00', '00:00:00', '00:00:00', '00:00:00', '00:00:00', '00:00:00'),
(61, '2020-01-21', '10:00:00', '13:00:00', '15:00:00', '19:00:00', '00:00:00', '00:00:00', '00:00:00', '00:00:00', '00:00:00', '00:00:00', '00:00:00', '00:00:00'),
(61, '2020-01-22', '10:00:00', '13:00:00', '15:00:00', '19:00:00', '00:00:00', '00:00:00', '00:00:00', '00:00:00', '00:00:00', '00:00:00', '00:00:00', '00:00:00'),
(61, '2020-01-23', '10:00:00', '13:00:00', '15:00:00', '19:00:00', '00:00:00', '00:00:00', '00:00:00', '00:00:00', '00:00:00', '00:00:00', '00:00:00', '00:00:00'),
(61, '2020-01-24', '10:00:00', '13:00:00', '15:00:00', '19:00:00', '00:00:00', '00:00:00', '00:00:00', '00:00:00', '00:00:00', '00:00:00', '00:00:00', '00:00:00'),
(62, '2020-01-20', '10:00:00', '13:00:00', '15:00:00', '19:00:00', '10:21:00', '00:00:00', '00:00:00', '20:53:00', '00:21:00', '00:00:00', '08:38:00', '10:31:00'),
(62, '2020-01-21', '10:00:00', '13:00:00', '15:00:00', '19:00:00', '10:27:00', '00:00:00', '00:00:00', '20:29:00', '00:27:00', '00:00:00', '08:32:00', '10:01:00'),
(62, '2020-01-22', '10:00:00', '13:00:00', '15:00:00', '19:00:00', '10:19:00', '00:00:00', '00:00:00', '21:03:00', '00:19:00', '00:00:00', '08:40:00', '10:43:00'),
(62, '2020-01-23', '10:00:00', '13:00:00', '15:00:00', '19:00:00', '10:22:00', '00:00:00', '00:00:00', '19:49:00', '00:22:00', '00:00:00', '08:37:00', '09:27:00'),
(62, '2020-01-24', '10:00:00', '13:00:00', '15:00:00', '19:00:00', '10:32:00', '00:00:00', '00:00:00', '20:24:00', '00:32:00', '00:00:00', '08:27:00', '09:51:00'),
(63, '2020-01-20', '10:00:00', '13:00:00', '15:00:00', '19:00:00', '00:00:00', '00:00:00', '00:00:00', '00:00:00', '00:00:00', '00:00:00', '00:00:00', '00:00:00'),
(63, '2020-01-21', '10:00:00', '13:00:00', '15:00:00', '19:00:00', '00:00:00', '00:00:00', '00:00:00', '00:00:00', '00:00:00', '00:00:00', '00:00:00', '00:00:00'),
(63, '2020-01-22', '10:00:00', '13:00:00', '15:00:00', '19:00:00', '00:00:00', '00:00:00', '00:00:00', '00:00:00', '00:00:00', '00:00:00', '00:00:00', '00:00:00'),
(63, '2020-01-23', '10:00:00', '13:00:00', '15:00:00', '19:00:00', '00:00:00', '00:00:00', '00:00:00', '00:00:00', '00:00:00', '00:00:00', '00:00:00', '00:00:00'),
(63, '2020-01-24', '10:00:00', '13:00:00', '15:00:00', '19:00:00', '00:00:00', '00:00:00', '00:00:00', '00:00:00', '00:00:00', '00:00:00', '00:00:00', '00:00:00'),
(64, '2020-01-20', '10:00:00', '13:00:00', '15:00:00', '19:00:00', '10:51:00', '00:00:00', '00:00:00', '20:45:00', '00:51:00', '00:00:00', '08:08:00', '09:53:00'),
(64, '2020-01-21', '10:00:00', '13:00:00', '15:00:00', '19:00:00', '11:00:00', '00:00:00', '00:00:00', '21:11:00', '01:00:00', '00:00:00', '07:59:00', '10:10:00'),
(64, '2020-01-22', '10:00:00', '13:00:00', '15:00:00', '19:00:00', '10:49:00', '00:00:00', '00:00:00', '21:03:00', '00:49:00', '00:00:00', '08:10:00', '10:13:00'),
(64, '2020-01-23', '10:00:00', '13:00:00', '15:00:00', '19:00:00', '10:32:00', '00:00:00', '00:00:00', '16:10:00', '00:32:00', '02:50:00', '05:38:00', '05:38:00'),
(64, '2020-01-24', '10:00:00', '13:00:00', '15:00:00', '19:00:00', '11:00:00', '00:00:00', '00:00:00', '20:24:00', '01:00:00', '00:00:00', '07:59:00', '09:24:00'),
(65, '2020-01-20', '10:00:00', '13:00:00', '15:00:00', '19:00:00', '10:46:00', '00:00:00', '00:00:00', '19:06:00', '00:46:00', '00:00:00', '08:13:00', '08:20:00'),
(65, '2020-01-21', '10:00:00', '13:00:00', '15:00:00', '19:00:00', '00:00:00', '00:00:00', '00:00:00', '00:00:00', '00:00:00', '00:00:00', '00:00:00', '00:00:00'),
(65, '2020-01-22', '10:00:00', '13:00:00', '15:00:00', '19:00:00', '00:00:00', '00:00:00', '00:00:00', '00:00:00', '00:00:00', '00:00:00', '00:00:00', '00:00:00'),
(65, '2020-01-23', '10:00:00', '13:00:00', '15:00:00', '19:00:00', '10:51:00', '00:00:00', '00:00:00', '19:38:00', '00:51:00', '00:00:00', '08:08:00', '08:47:00'),
(65, '2020-01-24', '10:00:00', '13:00:00', '15:00:00', '19:00:00', '10:18:00', '00:00:00', '00:00:00', '00:57:00', '00:18:00', '00:00:00', '08:41:00', '14:39:00'),
(66, '2020-01-20', '10:00:00', '13:00:00', '15:00:00', '19:00:00', '00:00:00', '00:00:00', '00:00:00', '00:00:00', '00:00:00', '00:00:00', '00:00:00', '00:00:00'),
(66, '2020-01-21', '10:00:00', '13:00:00', '15:00:00', '19:00:00', '00:00:00', '00:00:00', '00:00:00', '00:00:00', '00:00:00', '00:00:00', '00:00:00', '00:00:00'),
(66, '2020-01-22', '10:00:00', '13:00:00', '15:00:00', '19:00:00', '00:00:00', '00:00:00', '00:00:00', '00:00:00', '00:00:00', '00:00:00', '00:00:00', '00:00:00'),
(66, '2020-01-23', '10:00:00', '13:00:00', '15:00:00', '19:00:00', '00:00:00', '00:00:00', '00:00:00', '00:00:00', '00:00:00', '00:00:00', '00:00:00', '00:00:00'),
(66, '2020-01-24', '10:00:00', '13:00:00', '15:00:00', '19:00:00', '00:00:00', '00:00:00', '00:00:00', '00:00:00', '00:00:00', '00:00:00', '00:00:00', '00:00:00'),
(67, '2020-01-20', '10:00:00', '13:00:00', '15:00:00', '19:00:00', '00:00:00', '00:00:00', '00:00:00', '00:00:00', '00:00:00', '00:00:00', '00:00:00', '00:00:00'),
(67, '2020-01-21', '10:00:00', '13:00:00', '15:00:00', '19:00:00', '09:58:00', '00:00:00', '00:00:00', '20:32:00', '00:00:00', '00:00:00', '09:00:00', '10:33:00'),
(67, '2020-01-22', '10:00:00', '13:00:00', '15:00:00', '19:00:00', '10:05:00', '00:00:00', '00:00:00', '16:58:00', '00:05:00', '02:02:00', '06:53:00', '06:53:00'),
(67, '2020-01-23', '10:00:00', '13:00:00', '15:00:00', '19:00:00', '09:52:00', '00:00:00', '00:00:00', '19:05:00', '00:00:00', '00:00:00', '09:00:00', '09:13:00'),
(67, '2020-01-24', '10:00:00', '13:00:00', '15:00:00', '19:00:00', '09:54:00', '00:00:00', '00:00:00', '19:16:00', '00:00:00', '00:00:00', '09:00:00', '09:21:00'),
(68, '2020-01-20', '10:00:00', '13:00:00', '15:00:00', '18:00:00', '10:13:00', '00:00:00', '00:00:00', '00:00:00', '00:13:00', '01:00:00', '06:46:00', '06:46:00'),
(68, '2020-01-21', '10:00:00', '13:00:00', '15:00:00', '18:00:00', '10:19:00', '00:00:00', '00:00:00', '19:24:00', '00:19:00', '00:00:00', '07:40:00', '09:04:00'),
(68, '2020-01-22', '10:00:00', '13:00:00', '15:00:00', '18:00:00', '10:21:00', '00:00:00', '00:00:00', '19:42:00', '00:21:00', '00:00:00', '07:38:00', '09:21:00'),
(68, '2020-01-23', '10:00:00', '13:00:00', '15:00:00', '18:00:00', '09:54:00', '00:00:00', '00:00:00', '19:38:00', '00:00:00', '00:00:00', '08:00:00', '09:44:00'),
(68, '2020-01-24', '10:00:00', '13:00:00', '15:00:00', '18:00:00', '10:04:00', '00:00:00', '00:00:00', '19:34:00', '00:00:00', '00:00:00', '07:55:00', '09:30:00'),
(69, '2020-01-20', '09:00:00', '13:00:00', '15:00:00', '18:00:00', '09:12:00', '00:00:00', '00:00:00', '19:02:00', '00:12:00', '00:00:00', '08:47:00', '09:49:00'),
(69, '2020-01-21', '09:00:00', '13:00:00', '15:00:00', '18:00:00', '09:26:00', '00:00:00', '00:00:00', '19:04:00', '00:26:00', '00:00:00', '08:33:00', '09:38:00'),
(69, '2020-01-22', '09:00:00', '13:00:00', '15:00:00', '18:00:00', '09:20:00', '00:00:00', '00:00:00', '15:00:00', '00:20:00', '03:00:00', '05:39:00', '05:39:00'),
(69, '2020-01-23', '09:00:00', '13:00:00', '15:00:00', '18:00:00', '09:22:00', '00:00:00', '00:00:00', '19:16:00', '00:22:00', '00:00:00', '08:37:00', '09:54:00'),
(69, '2020-01-24', '09:00:00', '13:00:00', '15:00:00', '18:00:00', '09:27:00', '00:00:00', '00:00:00', '19:15:00', '00:27:00', '00:00:00', '08:32:00', '09:48:00'),
(70, '2020-01-20', '09:00:00', '13:00:00', '15:00:00', '18:00:00', '08:16:00', '00:00:00', '00:00:00', '17:03:00', '00:00:00', '00:57:00', '08:03:00', '08:46:00'),
(70, '2020-01-21', '09:00:00', '13:00:00', '15:00:00', '18:00:00', '08:16:00', '00:00:00', '00:00:00', '18:12:00', '00:00:00', '00:00:00', '09:00:00', '09:55:00'),
(70, '2020-01-22', '09:00:00', '13:00:00', '15:00:00', '18:00:00', '08:38:00', '00:00:00', '00:00:00', '18:38:00', '00:00:00', '00:00:00', '09:00:00', '09:59:00'),
(70, '2020-01-23', '09:00:00', '13:00:00', '15:00:00', '18:00:00', '08:25:00', '00:00:00', '00:00:00', '18:26:00', '00:00:00', '00:00:00', '09:00:00', '10:00:00'),
(70, '2020-01-24', '09:00:00', '13:00:00', '15:00:00', '18:00:00', '08:23:00', '00:00:00', '00:00:00', '18:20:00', '00:00:00', '00:00:00', '09:00:00', '09:56:00'),
(71, '2020-01-20', '08:00:00', '13:00:00', '15:00:00', '16:00:00', '00:00:00', '00:00:00', '00:00:00', '19:39:00', '01:00:00', '00:00:00', '07:00:00', '10:39:00'),
(71, '2020-01-21', '08:00:00', '13:00:00', '15:00:00', '16:00:00', '08:06:00', '00:00:00', '00:00:00', '17:11:00', '00:06:00', '00:00:00', '07:53:00', '09:04:00'),
(71, '2020-01-22', '08:00:00', '13:00:00', '15:00:00', '16:00:00', '08:10:00', '00:00:00', '00:00:00', '16:14:00', '00:10:00', '00:00:00', '07:49:00', '08:03:00'),
(71, '2020-01-23', '08:00:00', '13:00:00', '15:00:00', '16:00:00', '08:08:00', '00:00:00', '00:00:00', '16:10:00', '00:08:00', '00:00:00', '07:51:00', '08:02:00'),
(71, '2020-01-24', '08:00:00', '13:00:00', '15:00:00', '16:00:00', '08:07:00', '00:00:00', '00:00:00', '16:12:00', '00:07:00', '00:00:00', '07:52:00', '08:05:00'),
(72, '2020-01-20', '09:00:00', '13:00:00', '15:00:00', '18:00:00', '08:56:00', '00:00:00', '00:00:00', '18:04:00', '00:00:00', '00:00:00', '09:00:00', '09:07:00'),
(72, '2020-01-21', '09:00:00', '13:00:00', '15:00:00', '18:00:00', '08:56:00', '00:00:00', '00:00:00', '18:00:00', '00:00:00', '00:00:00', '09:00:00', '09:04:00'),
(72, '2020-01-22', '09:00:00', '13:00:00', '15:00:00', '18:00:00', '08:59:00', '00:00:00', '00:00:00', '18:01:00', '00:00:00', '00:00:00', '09:00:00', '09:02:00'),
(72, '2020-01-23', '09:00:00', '13:00:00', '15:00:00', '18:00:00', '08:58:00', '00:00:00', '00:00:00', '18:00:00', '00:00:00', '00:00:00', '09:00:00', '09:01:00'),
(72, '2020-01-24', '09:00:00', '13:00:00', '15:00:00', '18:00:00', '09:01:00', '00:00:00', '00:00:00', '18:00:00', '00:00:00', '00:00:00', '08:58:00', '08:59:00'),
(73, '2020-01-20', '08:00:00', '13:00:00', '15:00:00', '17:00:00', '00:00:00', '00:00:00', '00:00:00', '00:00:00', '00:00:00', '00:00:00', '00:00:00', '00:00:00'),
(73, '2020-01-21', '08:00:00', '13:00:00', '15:00:00', '17:00:00', '00:00:00', '00:00:00', '00:00:00', '00:00:00', '00:00:00', '00:00:00', '00:00:00', '00:00:00'),
(73, '2020-01-22', '08:00:00', '13:00:00', '15:00:00', '17:00:00', '00:00:00', '00:00:00', '00:00:00', '00:00:00', '00:00:00', '00:00:00', '00:00:00', '00:00:00'),
(73, '2020-01-23', '08:00:00', '13:00:00', '15:00:00', '17:00:00', '00:00:00', '00:00:00', '00:00:00', '00:00:00', '00:00:00', '00:00:00', '00:00:00', '00:00:00'),
(73, '2020-01-24', '08:00:00', '13:00:00', '15:00:00', '17:00:00', '00:00:00', '00:00:00', '00:00:00', '00:00:00', '00:00:00', '00:00:00', '00:00:00', '00:00:00'),
(74, '2020-01-20', '08:00:00', '13:00:00', '15:00:00', '17:00:00', '00:00:00', '00:00:00', '00:00:00', '00:00:00', '00:00:00', '00:00:00', '00:00:00', '00:00:00'),
(74, '2020-01-21', '08:00:00', '13:00:00', '15:00:00', '17:00:00', '00:00:00', '00:00:00', '00:00:00', '00:00:00', '00:00:00', '00:00:00', '00:00:00', '00:00:00'),
(74, '2020-01-22', '08:00:00', '13:00:00', '15:00:00', '17:00:00', '00:00:00', '00:00:00', '00:00:00', '00:00:00', '00:00:00', '00:00:00', '00:00:00', '00:00:00'),
(74, '2020-01-23', '08:00:00', '13:00:00', '15:00:00', '17:00:00', '00:00:00', '00:00:00', '00:00:00', '00:00:00', '00:00:00', '00:00:00', '00:00:00', '00:00:00'),
(74, '2020-01-24', '08:00:00', '13:00:00', '15:00:00', '17:00:00', '00:00:00', '00:00:00', '00:00:00', '00:00:00', '00:00:00', '00:00:00', '00:00:00', '00:00:00'),
(75, '2020-01-20', '07:00:00', '13:00:00', '15:00:00', '16:00:00', '00:00:00', '00:00:00', '00:00:00', '00:00:00', '00:00:00', '00:00:00', '00:00:00', '00:00:00'),
(75, '2020-01-21', '07:00:00', '13:00:00', '15:00:00', '16:00:00', '00:00:00', '00:00:00', '00:00:00', '00:00:00', '00:00:00', '00:00:00', '00:00:00', '00:00:00'),
(75, '2020-01-22', '07:00:00', '13:00:00', '15:00:00', '16:00:00', '00:00:00', '00:00:00', '00:00:00', '00:00:00', '00:00:00', '00:00:00', '00:00:00', '00:00:00'),
(75, '2020-01-23', '07:00:00', '13:00:00', '15:00:00', '16:00:00', '00:00:00', '00:00:00', '00:00:00', '00:00:00', '00:00:00', '00:00:00', '00:00:00', '00:00:00'),
(75, '2020-01-24', '07:00:00', '13:00:00', '15:00:00', '16:00:00', '00:00:00', '00:00:00', '00:00:00', '00:00:00', '00:00:00', '00:00:00', '00:00:00', '00:00:00'),
(76, '2020-01-20', '09:00:00', '13:00:00', '15:00:00', '18:00:00', '00:00:00', '00:00:00', '00:00:00', '00:00:00', '00:00:00', '00:00:00', '00:00:00', '00:00:00'),
(76, '2020-01-21', '09:00:00', '13:00:00', '15:00:00', '18:00:00', '00:00:00', '00:00:00', '00:00:00', '00:00:00', '00:00:00', '00:00:00', '00:00:00', '00:00:00'),
(76, '2020-01-22', '09:00:00', '13:00:00', '15:00:00', '18:00:00', '09:05:00', '00:00:00', '00:00:00', '18:10:00', '00:05:00', '00:00:00', '08:54:00', '09:04:00'),
(76, '2020-01-23', '09:00:00', '13:00:00', '15:00:00', '18:00:00', '13:06:00', '00:00:00', '00:00:00', '18:16:00', '04:06:00', '00:00:00', '04:53:00', '05:10:00'),
(76, '2020-01-24', '09:00:00', '13:00:00', '15:00:00', '18:00:00', '09:03:00', '00:00:00', '00:00:00', '00:00:00', '00:00:00', '01:00:00', '07:56:00', '07:56:00'),
(77, '2020-01-20', '09:00:00', '13:00:00', '15:00:00', '18:00:00', '00:00:00', '00:00:00', '00:00:00', '00:00:00', '00:00:00', '00:00:00', '00:00:00', '00:00:00'),
(77, '2020-01-21', '09:00:00', '13:00:00', '15:00:00', '18:00:00', '00:00:00', '00:00:00', '00:00:00', '00:00:00', '00:00:00', '00:00:00', '00:00:00', '00:00:00'),
(77, '2020-01-23', '09:00:00', '13:00:00', '15:00:00', '18:00:00', '00:00:00', '00:00:00', '00:00:00', '00:00:00', '00:00:00', '00:00:00', '00:00:00', '00:00:00'),
(77, '2020-01-24', '09:00:00', '13:00:00', '15:00:00', '17:00:00', '00:00:00', '00:00:00', '00:00:00', '00:00:00', '00:00:00', '00:00:00', '00:00:00', '00:00:00'),
(78, '2020-01-20', '08:00:00', '13:00:00', '15:00:00', '18:00:00', '00:00:00', '00:00:00', '00:00:00', '00:00:00', '00:00:00', '00:00:00', '00:00:00', '00:00:00'),
(78, '2020-01-21', '08:00:00', '13:00:00', '15:00:00', '18:00:00', '00:00:00', '00:00:00', '00:00:00', '00:00:00', '00:00:00', '00:00:00', '00:00:00', '00:00:00'),
(78, '2020-01-22', '08:00:00', '13:00:00', '15:00:00', '18:00:00', '00:00:00', '00:00:00', '00:00:00', '00:00:00', '00:00:00', '00:00:00', '00:00:00', '00:00:00'),
(78, '2020-01-23', '08:00:00', '13:00:00', '15:00:00', '18:00:00', '00:00:00', '00:00:00', '00:00:00', '00:00:00', '00:00:00', '00:00:00', '00:00:00', '00:00:00'),
(78, '2020-01-24', '08:00:00', '13:00:00', '15:00:00', '18:00:00', '00:00:00', '00:00:00', '00:00:00', '00:00:00', '00:00:00', '00:00:00', '00:00:00', '00:00:00'),
(80, '2020-01-20', '08:00:00', '13:00:00', '15:00:00', '18:00:00', '09:17:00', '00:00:00', '00:00:00', '19:35:00', '01:17:00', '00:00:00', '08:42:00', '10:17:00'),
(80, '2020-01-21', '08:00:00', '13:00:00', '15:00:00', '18:00:00', '09:25:00', '00:00:00', '00:00:00', '19:42:00', '01:25:00', '00:00:00', '08:34:00', '10:17:00'),
(80, '2020-01-22', '08:00:00', '13:00:00', '15:00:00', '18:00:00', '09:20:00', '00:00:00', '00:00:00', '19:42:00', '01:20:00', '00:00:00', '08:39:00', '10:22:00'),
(80, '2020-01-23', '08:00:00', '13:00:00', '15:00:00', '18:00:00', '09:28:00', '00:00:00', '00:00:00', '19:41:00', '01:28:00', '00:00:00', '08:31:00', '10:13:00'),
(80, '2020-01-24', '08:00:00', '13:00:00', '15:00:00', '18:00:00', '09:26:00', '00:00:00', '00:00:00', '19:39:00', '01:26:00', '00:00:00', '08:33:00', '10:13:00'),
(81, '2020-01-20', '08:00:00', '13:00:00', '15:00:00', '18:00:00', '10:22:00', '00:00:00', '00:00:00', '20:02:00', '02:22:00', '00:00:00', '07:37:00', '09:40:00'),
(81, '2020-01-21', '08:00:00', '13:00:00', '15:00:00', '18:00:00', '10:20:00', '00:00:00', '00:00:00', '20:23:00', '02:20:00', '00:00:00', '07:39:00', '10:03:00'),
(81, '2020-01-22', '08:00:00', '13:00:00', '15:00:00', '18:00:00', '10:03:00', '00:00:00', '00:00:00', '19:56:00', '02:03:00', '00:00:00', '07:56:00', '09:52:00'),
(81, '2020-01-23', '08:00:00', '13:00:00', '15:00:00', '18:00:00', '09:49:00', '00:00:00', '00:00:00', '20:25:00', '01:49:00', '00:00:00', '08:10:00', '10:35:00'),
(81, '2020-01-24', '08:00:00', '13:00:00', '15:00:00', '18:00:00', '00:00:00', '00:00:00', '00:00:00', '21:17:00', '01:00:00', '00:00:00', '09:00:00', '12:17:00'),
(82, '2020-01-20', '08:00:00', '13:00:00', '15:00:00', '18:00:00', '09:31:00', '00:00:00', '00:00:00', '19:30:00', '01:31:00', '00:00:00', '08:28:00', '09:58:00'),
(82, '2020-01-21', '08:00:00', '13:00:00', '15:00:00', '18:00:00', '10:54:00', '00:00:00', '00:00:00', '19:10:00', '02:54:00', '00:00:00', '07:05:00', '08:15:00'),
(82, '2020-01-22', '08:00:00', '13:00:00', '15:00:00', '18:00:00', '09:45:00', '00:00:00', '00:00:00', '00:00:00', '01:45:00', '01:00:00', '07:14:00', '07:14:00'),
(82, '2020-01-23', '08:00:00', '13:00:00', '15:00:00', '18:00:00', '10:09:00', '00:00:00', '00:00:00', '19:56:00', '02:09:00', '00:00:00', '07:50:00', '09:46:00'),
(82, '2020-01-24', '08:00:00', '13:00:00', '15:00:00', '18:00:00', '09:30:00', '00:00:00', '00:00:00', '20:54:00', '01:30:00', '00:00:00', '08:29:00', '11:24:00'),
(83, '2020-01-20', '08:00:00', '13:00:00', '15:00:00', '18:00:00', '00:00:00', '00:00:00', '00:00:00', '00:00:00', '00:00:00', '00:00:00', '00:00:00', '00:00:00'),
(83, '2020-01-21', '08:00:00', '13:00:00', '15:00:00', '18:00:00', '00:00:00', '00:00:00', '00:00:00', '00:00:00', '00:00:00', '00:00:00', '00:00:00', '00:00:00'),
(83, '2020-01-22', '08:00:00', '13:00:00', '15:00:00', '18:00:00', '00:00:00', '00:00:00', '00:00:00', '00:00:00', '00:00:00', '00:00:00', '00:00:00', '00:00:00'),
(83, '2020-01-23', '08:00:00', '13:00:00', '15:00:00', '18:00:00', '00:00:00', '00:00:00', '00:00:00', '00:00:00', '00:00:00', '00:00:00', '00:00:00', '00:00:00'),
(83, '2020-01-24', '08:00:00', '13:00:00', '15:00:00', '18:00:00', '00:00:00', '00:00:00', '00:00:00', '00:00:00', '00:00:00', '00:00:00', '00:00:00', '00:00:00');

-- --------------------------------------------------------

--
-- Estructura de tabla para la tabla `padre`
--

CREATE TABLE `padre` (
  `idpadre` int(255) NOT NULL,
  `padre` text CHARACTER SET latin1 COLLATE latin1_spanish_ci NOT NULL,
  `direccion` varchar(60) CHARACTER SET latin1 COLLATE latin1_spanish_ci NOT NULL
) ENGINE=InnoDB DEFAULT CHARSET=utf8mb4;

--
-- Volcado de datos para la tabla `padre`
--

INSERT INTO `padre` (`idpadre`, `padre`, `direccion`) VALUES
(1, 'corporacion', 'av javier prado'),
(2, 'chorrillos', 'av chorrillos'),
(3, 'barranco', 'av barranco 123'),
(4, 'abancay', 'av abancay 777'),
(5, 'molina', 'av javierprado666'),
(6, 'sjl3', 'porton');

-- --------------------------------------------------------

--
-- Estructura de tabla para la tabla `usuarios`
--

CREATE TABLE `usuarios` (
  `Id` int(11) NOT NULL,
  `Nombres` varchar(30) NOT NULL,
  `Apellidos` varchar(30) NOT NULL,
  `Correo` varchar(50) NOT NULL,
  `Contraseña` varchar(30) NOT NULL,
  `Rol` tinyint(1) NOT NULL
) ENGINE=InnoDB DEFAULT CHARSET=utf8mb4;

--
-- Volcado de datos para la tabla `usuarios`
--

INSERT INTO `usuarios` (`Id`, `Nombres`, `Apellidos`, `Correo`, `Contraseña`, `Rol`) VALUES
(1, 'Marco', 'Hoyos', 'maro.hoyos@gmail.com', '123456', 0),
(2, 'rodrigo', 'mozo', 'rodrigomozo@gmail.com', '654321', 0),
(3, 'Joshep', 'Mendoza', 'mendoza.joshep@gmail.com', '123456', 1);

--
-- Índices para tablas volcadas
--

--
-- Indices de la tabla `fusion`
--
ALTER TABLE `fusion`
  ADD PRIMARY KEY (`idturno`,`diasemana`,`idhorario`),
  ADD KEY `ffk2` (`idhorario`);

--
-- Indices de la tabla `hijo`
--
ALTER TABLE `hijo`
  ADD PRIMARY KEY (`idhijo`);

--
-- Indices de la tabla `horario`
--
ALTER TABLE `horario`
  ADD PRIMARY KEY (`idhorario`) USING BTREE;

--
-- Indices de la tabla `local`
--
ALTER TABLE `local`
  ADD PRIMARY KEY (`idlocal`);

--
-- Indices de la tabla `nieto`
--
ALTER TABLE `nieto`
  ADD PRIMARY KEY (`idnieto`),
  ADD KEY `fkidturno` (`idturno`);

--
-- Indices de la tabla `nuevo`
--
ALTER TABLE `nuevo`
  ADD PRIMARY KEY (`idempleado`,`fecha`);

--
-- Indices de la tabla `padre`
--
ALTER TABLE `padre`
  ADD PRIMARY KEY (`idpadre`);

--
-- Indices de la tabla `usuarios`
--
ALTER TABLE `usuarios`
  ADD PRIMARY KEY (`Id`);

--
-- AUTO_INCREMENT de las tablas volcadas
--

--
-- AUTO_INCREMENT de la tabla `hijo`
--
ALTER TABLE `hijo`
  MODIFY `idhijo` int(255) NOT NULL AUTO_INCREMENT, AUTO_INCREMENT=17;

--
-- AUTO_INCREMENT de la tabla `nieto`
--
ALTER TABLE `nieto`
  MODIFY `idnieto` int(11) NOT NULL AUTO_INCREMENT, AUTO_INCREMENT=89;

--
-- AUTO_INCREMENT de la tabla `padre`
--
ALTER TABLE `padre`
  MODIFY `idpadre` int(255) NOT NULL AUTO_INCREMENT, AUTO_INCREMENT=7;

--
-- Restricciones para tablas volcadas
--

--
-- Filtros para la tabla `fusion`
--
ALTER TABLE `fusion`
  ADD CONSTRAINT `ffk2` FOREIGN KEY (`idhorario`) REFERENCES `horario` (`idhorario`);

--
-- Filtros para la tabla `nieto`
--
ALTER TABLE `nieto`
  ADD CONSTRAINT `fkidturno` FOREIGN KEY (`idturno`) REFERENCES `fusion` (`idturno`);

--
-- Filtros para la tabla `nuevo`
--
ALTER TABLE `nuevo`
  ADD CONSTRAINT `fkempleado` FOREIGN KEY (`idempleado`) REFERENCES `nieto` (`idnieto`);
COMMIT;

/*!40101 SET CHARACTER_SET_CLIENT=@OLD_CHARACTER_SET_CLIENT */;
/*!40101 SET CHARACTER_SET_RESULTS=@OLD_CHARACTER_SET_RESULTS */;
/*!40101 SET COLLATION_CONNECTION=@OLD_COLLATION_CONNECTION */;
